track_no,title,performed_by,genre_a,genre,danceability,energy,key,loudness,mode,speechiness,acousticness,instrumentalness,liveness,valence,tempo,type,id,uri,track_href,analysis_url,duration_ms,time_signature,cluster,cluster_no
1,Pingo de dó,Hugo & Guilherme,1,sertanejo,0.522,0.738,0,-4.48,0,0.117,0.685,0,0.652,0.608,129.685,audio_features,1a17gIb57XhPj2CMbqYABw,spotify:track:1a17gIb57XhPj2CMbqYABw,https://api.spotify.com/v1/tracks/1a17gIb57XhPj2CMbqYABw,https://api.spotify.com/v1/audio-analysis/1a17gIb57XhPj2CMbqYABw,161840,4,b,1
2,Troca,Jorge & Matheus,1,sertanejo,0.758,0.697,1,-4.103,1,0.0347,0.647,0,0.0887,0.81,94.98,audio_features,6HV630GY0GT3RN2efFRmbP,spotify:track:6HV630GY0GT3RN2efFRmbP,https://api.spotify.com/v1/tracks/6HV630GY0GT3RN2efFRmbP,https://api.spotify.com/v1/audio-analysis/6HV630GY0GT3RN2efFRmbP,171264,4,u,17
3,Foto nao é fato,Diego & Victor Hugo,1,sertanejo,0.541,0.863,11,-3.931,0,0.169,0.149,0,0.298,0.745,156.877,audio_features,5QEpLMQPyCB9UCzdOKG3uW,spotify:track:5QEpLMQPyCB9UCzdOKG3uW,https://api.spotify.com/v1/tracks/5QEpLMQPyCB9UCzdOKG3uW,https://api.spotify.com/v1/audio-analysis/5QEpLMQPyCB9UCzdOKG3uW,166760,4,s,19
4,Sua cama nao explica nada,"Hugo & Vitor, Marcos & Belutti",1,sertanejo,0.534,0.895,1,-4.217,1,0.0579,0.431,0,0.393,0.612,160.12,audio_features,0UoxMEhVm61u9ZLD4iDu83,spotify:track:0UoxMEhVm61u9ZLD4iDu83,https://api.spotify.com/v1/tracks/0UoxMEhVm61u9ZLD4iDu83,https://api.spotify.com/v1/audio-analysis/0UoxMEhVm61u9ZLD4iDu83,175103,4,s,19
5,Batom de cereja,Israel & Rodolffo,1,sertanejo,0.606,0.908,6,-6.201,0,0.0565,0.556,0,0.19,0.798,171.966,audio_features,2MZQAvsA7aZDssppBLRxYp,spotify:track:2MZQAvsA7aZDssppBLRxYp,https://api.spotify.com/v1/tracks/2MZQAvsA7aZDssppBLRxYp,https://api.spotify.com/v1/audio-analysis/2MZQAvsA7aZDssppBLRxYp,140942,4,u,17
6,Acertou na mosca,"Tierry, Gusttavo Lima",1,sertanejo,0.622,0.725,6,-3.754,1,0.0397,0.319,0,0.407,0.694,129.87,audio_features,0SlCt3S4bEGUPo07yZIlQP,spotify:track:0SlCt3S4bEGUPo07yZIlQP,https://api.spotify.com/v1/tracks/0SlCt3S4bEGUPo07yZIlQP,https://api.spotify.com/v1/audio-analysis/0SlCt3S4bEGUPo07yZIlQP,145962,4,b,1
7,Um beijo pro meu ex,"Solange Almeida, Diego & Victor Hugo",1,sertanejo,0.684,0.769,7,-4.127,1,0.0995,0.489,0,0.583,0.741,117.871,audio_features,6hVFhSVy927LMQ2q2CegCl,spotify:track:6hVFhSVy927LMQ2q2CegCl,https://api.spotify.com/v1/tracks/6hVFhSVy927LMQ2q2CegCl,https://api.spotify.com/v1/audio-analysis/6hVFhSVy927LMQ2q2CegCl,150368,4,b,1
8,Sigilo,Guilherme & Benuto,1,sertanejo,0.535,0.765,7,-3.716,0,0.184,0.433,0,0.125,0.627,108.521,audio_features,6vnKRiOjUjYT59xl4awHTx,spotify:track:6vnKRiOjUjYT59xl4awHTx,https://api.spotify.com/v1/tracks/6vnKRiOjUjYT59xl4awHTx,https://api.spotify.com/v1/audio-analysis/6vnKRiOjUjYT59xl4awHTx,165367,4,s,19
9,Coracao de isca,Bruno & Marrone,1,sertanejo,0.719,0.793,0,-4.402,0,0.0421,0.352,0,0.557,0.766,120.108,audio_features,2Nlf97QqqcZ2x9Qb4h1Qt2,spotify:track:2Nlf97QqqcZ2x9Qb4h1Qt2,https://api.spotify.com/v1/tracks/2Nlf97QqqcZ2x9Qb4h1Qt2,https://api.spotify.com/v1/audio-analysis/2Nlf97QqqcZ2x9Qb4h1Qt2,147397,4,b,1
10,Localiza ai bebe,Joao Bosco e Gabriel,1,sertanejo,0.749,0.929,2,-1.975,1,0.182,0.356,0,0.901,0.923,164.988,audio_features,7sCdzif8vD8XN1jgdYFL1q,spotify:track:7sCdzif8vD8XN1jgdYFL1q,https://api.spotify.com/v1/tracks/7sCdzif8vD8XN1jgdYFL1q,https://api.spotify.com/v1/audio-analysis/7sCdzif8vD8XN1jgdYFL1q,146882,4,g,6
11,Comigo,Israel & Rodolffo,1,sertanejo,0.715,0.915,6,-4.585,0,0.0559,0.6,0,0.379,0.78,162.078,audio_features,5d1gclipGCveqFzEKozszI,spotify:track:5d1gclipGCveqFzEKozszI,https://api.spotify.com/v1/tracks/5d1gclipGCveqFzEKozszI,https://api.spotify.com/v1/audio-analysis/5d1gclipGCveqFzEKozszI,153089,4,u,17
12,Banheirinho 2 x 2,"Brunino & Davi, Analaga",1,sertanejo,0.795,0.742,11,-6.371,0,0.0365,0.157,0,0.0925,0.854,128.049,audio_features,3hqCV8CmS9sro2KYtXEaGj,spotify:track:3hqCV8CmS9sro2KYtXEaGj,https://api.spotify.com/v1/tracks/3hqCV8CmS9sro2KYtXEaGj,https://api.spotify.com/v1/audio-analysis/3hqCV8CmS9sro2KYtXEaGj,130500,4,c,2
13,Nao sai de cima da minha cama,"Felipe Ferraz, Diego & Victor Hugo",1,sertanejo,0.718,0.739,4,-4.515,0,0.0505,0.408,0,0.0803,0.838,159.957,audio_features,1DDOG6w7UUmKxfyg7JS11a,spotify:track:1DDOG6w7UUmKxfyg7JS11a,https://api.spotify.com/v1/tracks/1DDOG6w7UUmKxfyg7JS11a,https://api.spotify.com/v1/audio-analysis/1DDOG6w7UUmKxfyg7JS11a,162520,4,u,17
14,Nao nego um vamo,"Hugo & Vitor, Israel & Rodolffo",1,sertanejo,0.509,0.96,2,-3.502,1,0.0681,0.218,0,0.128,0.729,174.949,audio_features,0jUVjA4goewfigd4lb6Br8,spotify:track:0jUVjA4goewfigd4lb6Br8,https://api.spotify.com/v1/tracks/0jUVjA4goewfigd4lb6Br8,https://api.spotify.com/v1/audio-analysis/0jUVjA4goewfigd4lb6Br8,153462,4,g,6
15,Paradigmas,Jorge & Mateus,1,sertanejo,0.686,0.789,1,-4.103,1,0.126,0.322,0,0.4,0.822,157.932,audio_features,158ukl5rih76dOEsp0I91H,spotify:track:158ukl5rih76dOEsp0I91H,https://api.spotify.com/v1/tracks/158ukl5rih76dOEsp0I91H,https://api.spotify.com/v1/audio-analysis/158ukl5rih76dOEsp0I91H,157355,4,g,6
16,Localiza ai bb,"Vitor e Luan, Henrique & Juliano",1,sertanejo,0.677,0.908,1,-2.513,1,0.0556,0.379,0,0.451,0.885,161.991,audio_features,6fe5D0ivKnpXFMAnoSRjah,spotify:track:6fe5D0ivKnpXFMAnoSRjah,https://api.spotify.com/v1/tracks/6fe5D0ivKnpXFMAnoSRjah,https://api.spotify.com/v1/audio-analysis/6fe5D0ivKnpXFMAnoSRjah,145309,4,g,6
17,Que amiga é essa,Yasmin Santos,1,sertanejo,0.379,0.78,11,-4.314,0,0.141,0.0703,0,0.132,0.426,73.51,audio_features,5Kvk3PEnJlZ1uGuWTe3pat,spotify:track:5Kvk3PEnJlZ1uGuWTe3pat,https://api.spotify.com/v1/tracks/5Kvk3PEnJlZ1uGuWTe3pat,https://api.spotify.com/v1/audio-analysis/5Kvk3PEnJlZ1uGuWTe3pat,165457,4,s,19
18,Fala comigo,Gusttavo Lima,1,sertanejo,0.818,0.919,2,-3.013,1,0.0694,0.283,0,0.318,0.949,160.002,audio_features,56F3ngwk3a42aLY0o5QgBF,spotify:track:56F3ngwk3a42aLY0o5QgBF,https://api.spotify.com/v1/tracks/56F3ngwk3a42aLY0o5QgBF,https://api.spotify.com/v1/audio-analysis/56F3ngwk3a42aLY0o5QgBF,140629,4,g,6
19,So nao divulga,Fernando & Sorocaba,1,sertanejo,0.553,0.785,3,-4.099,0,0.0682,0.665,0,0.445,0.914,75.852,audio_features,3HquWF2pZmWYu3WAEP9Heb,spotify:track:3HquWF2pZmWYu3WAEP9Heb,https://api.spotify.com/v1/tracks/3HquWF2pZmWYu3WAEP9Heb,https://api.spotify.com/v1/audio-analysis/3HquWF2pZmWYu3WAEP9Heb,160477,4,u,17
20,Falei pra tu,"Diego & Arnaldo, DJ Ivis",1,sertanejo,0.543,0.738,11,-4.131,1,0.0783,0.537,0,0.294,0.617,155.999,audio_features,45YzwZ9K4HzruaHwhsQbhW,spotify:track:45YzwZ9K4HzruaHwhsQbhW,https://api.spotify.com/v1/tracks/45YzwZ9K4HzruaHwhsQbhW,https://api.spotify.com/v1/audio-analysis/45YzwZ9K4HzruaHwhsQbhW,192065,4,s,19
21,Esquece de me esquecer,"Zé Felipe, Gusttavo Lima",1,sertanejo,0.785,0.869,0,-2.169,1,0.0389,0.114,0,0.347,0.886,134.024,audio_features,1NXeltgzjQeiC4hbf2XNVr,spotify:track:1NXeltgzjQeiC4hbf2XNVr,https://api.spotify.com/v1/tracks/1NXeltgzjQeiC4hbf2XNVr,https://api.spotify.com/v1/audio-analysis/1NXeltgzjQeiC4hbf2XNVr,180905,4,g,6
22,Buzina,Diego & Victor Hugo,1,sertanejo,0.479,0.889,1,-4.162,1,0.168,0.0992,0,0.356,0.735,169.646,audio_features,0yOYdil5IO9tW7wraM9C3r,spotify:track:0yOYdil5IO9tW7wraM9C3r,https://api.spotify.com/v1/tracks/0yOYdil5IO9tW7wraM9C3r,https://api.spotify.com/v1/audio-analysis/0yOYdil5IO9tW7wraM9C3r,162966,4,s,19
23,Uma ex,"Murilo Huff, Jorge",1,sertanejo,0.627,0.651,5,-4.15,1,0.0461,0.521,0,0.952,0.666,104.816,audio_features,5AOE9T63alCQtJrtDA78Z7,spotify:track:5AOE9T63alCQtJrtDA78Z7,https://api.spotify.com/v1/tracks/5AOE9T63alCQtJrtDA78Z7,https://api.spotify.com/v1/audio-analysis/5AOE9T63alCQtJrtDA78Z7,218806,4,b,1
24,Troca de calcada,Marília Mendonca,1,sertanejo,0.659,0.689,1,-4.984,0,0.0319,0.539,0,0.147,0.701,99.967,audio_features,4AAIAVjSyiq1N7SXKkwXZe,spotify:track:4AAIAVjSyiq1N7SXKkwXZe,https://api.spotify.com/v1/tracks/4AAIAVjSyiq1N7SXKkwXZe,https://api.spotify.com/v1/audio-analysis/4AAIAVjSyiq1N7SXKkwXZe,203158,4,u,17
25,Crazy,"Thaeme & Thiago, Gustavo Mioto",1,sertanejo,0.552,0.877,1,-3.032,0,0.053,0.164,0,0.959,0.536,176.054,audio_features,0dP2RrKicpO0LLv21rpwwD,spotify:track:0dP2RrKicpO0LLv21rpwwD,https://api.spotify.com/v1/tracks/0dP2RrKicpO0LLv21rpwwD,https://api.spotify.com/v1/audio-analysis/0dP2RrKicpO0LLv21rpwwD,212063,4,b,1
26,Só de sacanagem,"Israel & Rodolffo, MC Matheuzinho",1,sertanejo,0.826,0.769,11,-5.203,0,0.0507,0.538,0,0.345,0.709,125.979,audio_features,40zJaB3z53PGaxIkYyieBP,spotify:track:40zJaB3z53PGaxIkYyieBP,https://api.spotify.com/v1/tracks/40zJaB3z53PGaxIkYyieBP,https://api.spotify.com/v1/audio-analysis/40zJaB3z53PGaxIkYyieBP,183695,4,u,17
27,Vou fácil,"Maiara & Maraiasa, Japinha Conde",1,sertanejo,0.724,0.892,4,-2.711,0,0.188,0.331,0,0.109,0.868,160.026,audio_features,5LDoRXYha4NeBoX6gaduj9,spotify:track:5LDoRXYha4NeBoX6gaduj9,https://api.spotify.com/v1/tracks/5LDoRXYha4NeBoX6gaduj9,https://api.spotify.com/v1/audio-analysis/5LDoRXYha4NeBoX6gaduj9,137701,4,g,6
28,Volta marcada,"Juan Marcus & Vinicius, Lauana Prado",1,sertanejo,0.804,0.324,2,-12.243,1,0.0376,0.717,0,0.111,0.667,109.927,audio_features,0V0k5MpqZ55XwJRTQq2GbM,spotify:track:0V0k5MpqZ55XwJRTQq2GbM,https://api.spotify.com/v1/tracks/0V0k5MpqZ55XwJRTQq2GbM,https://api.spotify.com/v1/audio-analysis/0V0k5MpqZ55XwJRTQq2GbM,167573,4,n,13
29,Razao das minhas biritas,Luíza & Maurílio,1,sertanejo,0.657,0.687,8,-4.564,1,0.0562,0.453,0,0.135,0.692,129.642,audio_features,3k2QcH88P5lgllbw3SKB87,spotify:track:3k2QcH88P5lgllbw3SKB87,https://api.spotify.com/v1/tracks/3k2QcH88P5lgllbw3SKB87,https://api.spotify.com/v1/audio-analysis/3k2QcH88P5lgllbw3SKB87,190722,4,u,17
30,Me ame mais,"Jorge & Mateus, Marília Mendonca",1,sertanejo,0.565,0.548,7,-4.479,1,0.0485,0.293,0,0.0953,0.551,92.574,audio_features,4iavXH4dDUMA8yAabnUhSI,spotify:track:4iavXH4dDUMA8yAabnUhSI,https://api.spotify.com/v1/tracks/4iavXH4dDUMA8yAabnUhSI,https://api.spotify.com/v1/audio-analysis/4iavXH4dDUMA8yAabnUhSI,229858,4,m,12
31,Bye bye boy,Solange Almeida,1,sertanejo,0.615,0.809,11,-3.825,0,0.0539,0.264,0,0.885,0.388,121.906,audio_features,62CUulE4v4jpMWSdJcU9QW,spotify:track:62CUulE4v4jpMWSdJcU9QW,https://api.spotify.com/v1/tracks/62CUulE4v4jpMWSdJcU9QW,https://api.spotify.com/v1/audio-analysis/62CUulE4v4jpMWSdJcU9QW,194542,4,b,1
32,Poste,Diego & Arnaldo,1,sertanejo,0.65,0.789,3,-3.605,1,0.091,0.381,0,0.289,0.882,170.119,audio_features,04Cg9VYp1opqdrbehUDV94,spotify:track:04Cg9VYp1opqdrbehUDV94,https://api.spotify.com/v1/tracks/04Cg9VYp1opqdrbehUDV94,https://api.spotify.com/v1/audio-analysis/04Cg9VYp1opqdrbehUDV94,168265,4,g,6
33,Último beijo,"Bruno & Marrone, Wesley Safadao",1,sertanejo,0.582,0.899,5,-3.531,1,0.143,0.528,0,0.247,0.612,156.621,audio_features,2pBEAodCImE4LgbKAG4bfz,spotify:track:2pBEAodCImE4LgbKAG4bfz,https://api.spotify.com/v1/tracks/2pBEAodCImE4LgbKAG4bfz,https://api.spotify.com/v1/audio-analysis/2pBEAodCImE4LgbKAG4bfz,181279,4,s,19
34,Mais um,"Felipe Araújo, Matheus & Kauan",1,sertanejo,0.766,0.793,6,-4.427,1,0.0477,0.421,0,0.093,0.73,126.975,audio_features,0lp3u9nJusd5l8aKPAWELl,spotify:track:0lp3u9nJusd5l8aKPAWELl,https://api.spotify.com/v1/tracks/0lp3u9nJusd5l8aKPAWELl,https://api.spotify.com/v1/audio-analysis/0lp3u9nJusd5l8aKPAWELl,168258,4,u,17
35,Esses vícios,Zé NEto & Cristiano,1,sertanejo,0.594,0.597,0,-3.415,1,0.0389,0.746,0,0.143,0.804,109.848,audio_features,2InUVOBY515umeuwdQtsQ4,spotify:track:2InUVOBY515umeuwdQtsQ4,https://api.spotify.com/v1/tracks/2InUVOBY515umeuwdQtsQ4,https://api.spotify.com/v1/audio-analysis/2InUVOBY515umeuwdQtsQ4,155588,4,u,17
36,Volume 3,Douglas & Vinicius,1,sertanejo,0.671,0.856,0,-3.919,1,0.0421,0.459,0,0.896,0.696,146.049,audio_features,5gIVPysvKFh2gtwsicafnN,spotify:track:5gIVPysvKFh2gtwsicafnN,https://api.spotify.com/v1/tracks/5gIVPysvKFh2gtwsicafnN,https://api.spotify.com/v1/audio-analysis/5gIVPysvKFh2gtwsicafnN,171272,4,b,1
37,Foi pá pum,Simone & Simaria,1,sertanejo,0.627,0.818,1,-3.086,1,0.103,0.378,0,0.246,0.449,161.857,audio_features,6F7tttrdq7aUdxXVeo0nKp,spotify:track:6F7tttrdq7aUdxXVeo0nKp,https://api.spotify.com/v1/tracks/6F7tttrdq7aUdxXVeo0nKp,https://api.spotify.com/v1/audio-analysis/6F7tttrdq7aUdxXVeo0nKp,183413,4,s,19
38,Coracao na cama,Hugo & Guilherme,1,sertanejo,0.764,0.794,8,-4.096,1,0.0589,0.663,0,0.34,0.721,110.013,audio_features,2nZj5YymF54qhAu7RneVP6,spotify:track:2nZj5YymF54qhAu7RneVP6,https://api.spotify.com/v1/tracks/2nZj5YymF54qhAu7RneVP6,https://api.spotify.com/v1/audio-analysis/2nZj5YymF54qhAu7RneVP6,173227,4,u,17
39,Depre,Marília Mendonca,1,sertanejo,0.63,0.684,7,-6.331,1,0.0389,0.314,0,0.338,0.667,123.717,audio_features,2BRGOqLBHFJclDM6PB2dnd,spotify:track:2BRGOqLBHFJclDM6PB2dnd,https://api.spotify.com/v1/tracks/2BRGOqLBHFJclDM6PB2dnd,https://api.spotify.com/v1/audio-analysis/2BRGOqLBHFJclDM6PB2dnd,180516,4,s,19
40,É problema,Matheus & Kauan,1,sertanejo,0.626,0.776,10,-6.66,1,0.189,0.486,0,0.108,0.696,129.765,audio_features,5gTgQBtNP08fUijxpEgmzF,spotify:track:5gTgQBtNP08fUijxpEgmzF,https://api.spotify.com/v1/tracks/5gTgQBtNP08fUijxpEgmzF,https://api.spotify.com/v1/audio-analysis/5gTgQBtNP08fUijxpEgmzF,184149,4,s,19
41,Camisa preta,Guilherme & Benuto,1,sertanejo,0.63,0.869,6,-4.41,1,0.154,0.226,0,0.314,0.582,80.958,audio_features,29Ctas4IXYei0t9fGnnxgU,spotify:track:29Ctas4IXYei0t9fGnnxgU,https://api.spotify.com/v1/tracks/29Ctas4IXYei0t9fGnnxgU,https://api.spotify.com/v1/audio-analysis/29Ctas4IXYei0t9fGnnxgU,171243,4,s,19
42,Sua mae ta nessa,Lauana Prado,1,sertanejo,0.701,0.753,5,-3.263,1,0.0318,0.177,0,0.842,0.702,108,audio_features,5Taf5Hg5m31VoFXLplRAmn,spotify:track:5Taf5Hg5m31VoFXLplRAmn,https://api.spotify.com/v1/tracks/5Taf5Hg5m31VoFXLplRAmn,https://api.spotify.com/v1/audio-analysis/5Taf5Hg5m31VoFXLplRAmn,164544,4,b,1
43,Crédito,Joao Gustavo e Murilo,1,sertanejo,0.554,0.676,11,-5.593,1,0.198,0.707,0,0.339,0.715,130.315,audio_features,75XkdiDbE77G7avTZnEDLB,spotify:track:75XkdiDbE77G7avTZnEDLB,https://api.spotify.com/v1/tracks/75XkdiDbE77G7avTZnEDLB,https://api.spotify.com/v1/audio-analysis/75XkdiDbE77G7avTZnEDLB,167840,4,s,19
44,Lance individual,Jorge & Mateus,1,sertanejo,0.752,0.62,5,-5.536,1,0.0509,0.309,0,0.075,0.962,117.399,audio_features,7GLWWrk1YlkPYqJK3ynIA0,spotify:track:7GLWWrk1YlkPYqJK3ynIA0,https://api.spotify.com/v1/tracks/7GLWWrk1YlkPYqJK3ynIA0,https://api.spotify.com/v1/audio-analysis/7GLWWrk1YlkPYqJK3ynIA0,164459,4,c,2
45,Seu beijo joga sujo,"Avine Vinny, Jorge",1,sertanejo,0.377,0.608,0,-4.446,1,0.0313,0.226,0,0.119,0.703,100.006,audio_features,2enk2whIgJyoe0O9HRQZJV,spotify:track:2enk2whIgJyoe0O9HRQZJV,https://api.spotify.com/v1/tracks/2enk2whIgJyoe0O9HRQZJV,https://api.spotify.com/v1/audio-analysis/2enk2whIgJyoe0O9HRQZJV,193424,4,m,12
46,Foi por conveniencia,Marilia Mendonca,1,sertanejo,0.506,0.616,2,-5.625,1,0.0351,0.166,0,0.174,0.511,147.904,audio_features,6niGCULksHzD0NHyX3zCuB,spotify:track:6niGCULksHzD0NHyX3zCuB,https://api.spotify.com/v1/tracks/6niGCULksHzD0NHyX3zCuB,https://api.spotify.com/v1/audio-analysis/6niGCULksHzD0NHyX3zCuB,205587,3,m,12
47,Voce nao é de bar,"Fernando & Sorocaba, Guilherme & Benuto",1,sertanejo,0.622,0.934,9,-2.01,1,0.107,0.309,0,0.391,0.922,169.999,audio_features,5KFEB8X5Xmpmsv5j8rHjML,spotify:track:5KFEB8X5Xmpmsv5j8rHjML,https://api.spotify.com/v1/tracks/5KFEB8X5Xmpmsv5j8rHjML,https://api.spotify.com/v1/audio-analysis/5KFEB8X5Xmpmsv5j8rHjML,151950,4,g,6
48,Amor da despedida,"Os Baroes da Pisadinha, Fernando & Sorocaba",1,sertanejo,0.533,0.915,3,-2.337,0,0.047,0.324,0,0.0891,0.967,167.927,audio_features,0WlmiIK5qFQ4dAB4mCA4sI,spotify:track:0WlmiIK5qFQ4dAB4mCA4sI,https://api.spotify.com/v1/tracks/0WlmiIK5qFQ4dAB4mCA4sI,https://api.spotify.com/v1/audio-analysis/0WlmiIK5qFQ4dAB4mCA4sI,169773,4,g,6
49,Ele nao tem,"Jonas Esticado, Gusttavo Lima",1,sertanejo,0.656,0.85,7,-5.132,1,0.0384,0.363,0,0.53,0.918,155.042,audio_features,1JHvLQWHUoYuapwQikeDuD,spotify:track:1JHvLQWHUoYuapwQikeDuD,https://api.spotify.com/v1/tracks/1JHvLQWHUoYuapwQikeDuD,https://api.spotify.com/v1/audio-analysis/1JHvLQWHUoYuapwQikeDuD,212192,4,g,6
50,Hackearam-me,"Tierry, Marilia Mendonca",1,sertanejo,0.479,0.683,2,-3.705,0,0.0545,0.38,0,0.576,0.557,129.558,audio_features,5NeBu4oKweDXIjhvYqtbLo,spotify:track:5NeBu4oKweDXIjhvYqtbLo,https://api.spotify.com/v1/tracks/5NeBu4oKweDXIjhvYqtbLo,https://api.spotify.com/v1/audio-analysis/5NeBu4oKweDXIjhvYqtbLo,209250,4,b,1
51,Espetinho,Gusttavo Lima,1,sertanejo,0.827,0.926,0,-1.633,1,0.0346,0.23,3.04E-06,0.158,0.949,135.97,audio_features,1UF3sCkxXH4OE7ja83GRzj,spotify:track:1UF3sCkxXH4OE7ja83GRzj,https://api.spotify.com/v1/tracks/1UF3sCkxXH4OE7ja83GRzj,https://api.spotify.com/v1/audio-analysis/1UF3sCkxXH4OE7ja83GRzj,171117,4,g,6
52,Parabens por me perder,Luiza & Maurilio,1,sertanejo,0.594,0.658,0,-5.368,1,0.0709,0.7,0,0.173,0.698,117.454,audio_features,1DRnDmZIpRvqFvW9PQnEBj,spotify:track:1DRnDmZIpRvqFvW9PQnEBj,https://api.spotify.com/v1/tracks/1DRnDmZIpRvqFvW9PQnEBj,https://api.spotify.com/v1/audio-analysis/1DRnDmZIpRvqFvW9PQnEBj,166331,4,u,17
53,Pulei na piscina,Guilherme & Benuto,1,sertanejo,0.652,0.773,3,-5.203,1,0.128,0.449,0,0.166,0.527,113.788,audio_features,1uA7fD01YlQr1Rm0oyNB4H,spotify:track:1uA7fD01YlQr1Rm0oyNB4H,https://api.spotify.com/v1/tracks/1uA7fD01YlQr1Rm0oyNB4H,https://api.spotify.com/v1/audio-analysis/1uA7fD01YlQr1Rm0oyNB4H,181846,4,s,19
54,Alo Ambe,Zé Neto & Cristiano,1,sertanejo,0.695,0.872,9,-3.65,1,0.0868,0.334,0,0.954,0.646,121.843,audio_features,5m5aY6S9ttfIG157xli2Rs,spotify:track:5m5aY6S9ttfIG157xli2Rs,https://api.spotify.com/v1/tracks/5m5aY6S9ttfIG157xli2Rs,https://api.spotify.com/v1/audio-analysis/5m5aY6S9ttfIG157xli2Rs,169593,4,b,1
55,Cuidado que eu te supero,Yasmin Santos,1,sertanejo,0.67,0.819,8,-4.816,1,0.0825,0.0937,0,0.101,0.763,168.044,audio_features,5J4tK2FbXQEeC0AsfFgwpz,spotify:track:5J4tK2FbXQEeC0AsfFgwpz,https://api.spotify.com/v1/tracks/5J4tK2FbXQEeC0AsfFgwpz,https://api.spotify.com/v1/audio-analysis/5J4tK2FbXQEeC0AsfFgwpz,174628,4,g,6
56,Sem amor,Henrique & Juliano,1,sertanejo,0.537,0.829,2,-5.709,1,0.0747,0.293,0,0.566,0.506,89.238,audio_features,3kGx7JDcz0FvWszSyuuQN6,spotify:track:3kGx7JDcz0FvWszSyuuQN6,https://api.spotify.com/v1/tracks/3kGx7JDcz0FvWszSyuuQN6,https://api.spotify.com/v1/audio-analysis/3kGx7JDcz0FvWszSyuuQN6,194269,4,b,1
57,Alo ex-amor,Joao Bosco e Gabriel,1,sertanejo,0.701,0.867,10,-2.982,0,0.104,0.572,5.15E-06,0.788,0.937,169.898,audio_features,2QCwoYDn4DRfjs4NhW2KpO,spotify:track:2QCwoYDn4DRfjs4NhW2KpO,https://api.spotify.com/v1/tracks/2QCwoYDn4DRfjs4NhW2KpO,https://api.spotify.com/v1/audio-analysis/2QCwoYDn4DRfjs4NhW2KpO,197952,4,g,6
58,Briga feia,Henrique & Juliano,1,sertanejo,0.59,0.846,11,-5.501,1,0.0616,0.108,0,0.93,0.565,167.991,audio_features,4j2bK4fnc2s6GyVmhJsJhk,spotify:track:4j2bK4fnc2s6GyVmhJsJhk,https://api.spotify.com/v1/tracks/4j2bK4fnc2s6GyVmhJsJhk,https://api.spotify.com/v1/audio-analysis/4j2bK4fnc2s6GyVmhJsJhk,194580,4,b,1
59,Rotina programada,Marcos & Belutti,1,sertanejo,0.629,0.949,5,-2.754,1,0.0464,0.203,0,0.45,0.96,170.035,audio_features,2ta9Gl7kTeOGO60H0XRNYd,spotify:track:2ta9Gl7kTeOGO60H0XRNYd,https://api.spotify.com/v1/tracks/2ta9Gl7kTeOGO60H0XRNYd,https://api.spotify.com/v1/audio-analysis/2ta9Gl7kTeOGO60H0XRNYd,149499,4,g,6
60,Facas,Diego & Victor Hugo,1,sertanejo,0.443,0.509,2,-5.995,1,0.0536,0.615,0,0.472,0.69,160.984,audio_features,1ere9b9vDw2N3m9d4uiXxa,spotify:track:1ere9b9vDw2N3m9d4uiXxa,https://api.spotify.com/v1/tracks/1ere9b9vDw2N3m9d4uiXxa,https://api.spotify.com/v1/audio-analysis/1ere9b9vDw2N3m9d4uiXxa,196380,4,m,12
61,Ex dos ex,George Henrique & Rodrigo,1,sertanejo,0.731,0.74,11,-4.635,1,0.0751,0.604,0,0.111,0.633,122.815,audio_features,0pChHEJ9QmGRzFfPNeRJr5,spotify:track:0pChHEJ9QmGRzFfPNeRJr5,https://api.spotify.com/v1/tracks/0pChHEJ9QmGRzFfPNeRJr5,https://api.spotify.com/v1/audio-analysis/0pChHEJ9QmGRzFfPNeRJr5,155601,4,u,17
62,Surra de cama,"Xand Aviao, Lauana Prado",1,sertanejo,0.837,0.783,1,-2.886,1,0.0506,0.271,0,0.789,0.658,119.995,audio_features,7eFezDGsbmX3bawb3rmtAr,spotify:track:7eFezDGsbmX3bawb3rmtAr,https://api.spotify.com/v1/tracks/7eFezDGsbmX3bawb3rmtAr,https://api.spotify.com/v1/audio-analysis/7eFezDGsbmX3bawb3rmtAr,178217,4,b,1
63,Frieza,"Murilo Huff, Marilia Mendonca",1,sertanejo,0.564,0.792,2,-3.297,1,0.0688,0.342,0,0.697,0.586,113.742,audio_features,5rM3D9t7d7DlcsDe9RIB3b,spotify:track:5rM3D9t7d7DlcsDe9RIB3b,https://api.spotify.com/v1/tracks/5rM3D9t7d7DlcsDe9RIB3b,https://api.spotify.com/v1/audio-analysis/5rM3D9t7d7DlcsDe9RIB3b,185761,1,b,1
64,Bloqueia eu,Joao Bosco & Vinicius,1,sertanejo,0.713,0.786,11,-5.6,1,0.0505,0.477,0,0.383,0.518,120.895,audio_features,6FBQMMhwRI7FRMbPaYO2G0,spotify:track:6FBQMMhwRI7FRMbPaYO2G0,https://api.spotify.com/v1/tracks/6FBQMMhwRI7FRMbPaYO2G0,https://api.spotify.com/v1/audio-analysis/6FBQMMhwRI7FRMbPaYO2G0,148795,4,s,19
65,Inamoravel,Luiza & Maurilio,1,sertanejo,0.426,0.514,7,-5.869,1,0.0724,0.588,0,0.214,0.737,201.823,audio_features,1erfWPemd1Vg5aQYQpW1Pm,spotify:track:1erfWPemd1Vg5aQYQpW1Pm,https://api.spotify.com/v1/tracks/1erfWPemd1Vg5aQYQpW1Pm,https://api.spotify.com/v1/audio-analysis/1erfWPemd1Vg5aQYQpW1Pm,170315,4,m,12
66,Ela é espetacular (Mulher Kama Sutra),Mc Livinho,2,funk,0.904,0.713,10,-0.623,1,0.0892,0.641,0,0.124,0.77,130.023,audio_features,0x0V1IID2Sj902k6LzuWds,spotify:track:0x0V1IID2Sj902k6LzuWds,https://api.spotify.com/v1/tracks/0x0V1IID2Sj902k6LzuWds,https://api.spotify.com/v1/audio-analysis/0x0V1IID2Sj902k6LzuWds,216000,4,o,14
67,Preta do cabelo cacheado,Mc Don Juan,2,funk,0.795,0.53,1,-5.579,0,0.0782,0.465,0.000405,0.0581,0.834,159.965,audio_features,0Ve3XWcrsgy90xo0UL2syx,spotify:track:0Ve3XWcrsgy90xo0UL2syx,https://api.spotify.com/v1/tracks/0Ve3XWcrsgy90xo0UL2syx,https://api.spotify.com/v1/audio-analysis/0Ve3XWcrsgy90xo0UL2syx,161730,4,c,2
68,Disco arranhado,"Malu, DJ Lucas BEta",2,funk,0.747,0.725,2,-2.564,0,0.363,0.551,0,0.0626,0.904,129.96,audio_features,2Gjt4rUHBUH0rMKpBg0hF4,spotify:track:2Gjt4rUHBUH0rMKpBg0hF4,https://api.spotify.com/v1/tracks/2Gjt4rUHBUH0rMKpBg0hF4,https://api.spotify.com/v1/audio-analysis/2Gjt4rUHBUH0rMKpBg0hF4,125558,4,f,5
69,Mtg - Vem sentando vem,"MC 2jhow, MCFaha",2,funk,0.919,0.336,11,-3.913,1,0.0775,0.513,1.51E-05,0.198,0.741,129.982,audio_features,2Xgc216OMnc9PyUalpaSPc,spotify:track:2Xgc216OMnc9PyUalpaSPc,https://api.spotify.com/v1/tracks/2Xgc216OMnc9PyUalpaSPc,https://api.spotify.com/v1/audio-analysis/2Xgc216OMnc9PyUalpaSPc,139546,4,c,2
70,Privilégio,"MC Luan da BS, MC Vitin do LJ",2,funk,0.567,0.645,3,-1.842,0,0.0817,0.623,0.00294,0.0822,0.888,85.107,audio_features,2ASs0n7ukfyxAxDtdir4vF,spotify:track:2ASs0n7ukfyxAxDtdir4vF,https://api.spotify.com/v1/tracks/2ASs0n7ukfyxAxDtdir4vF,https://api.spotify.com/v1/audio-analysis/2ASs0n7ukfyxAxDtdir4vF,151384,5,u,17
71,O Moca,MC Zaquin,2,funk,0.84,0.495,5,-5.155,0,0.0797,0.481,0,0.0853,0.527,130.041,audio_features,1mQOFRDoqI34LdN79PE0vH,spotify:track:1mQOFRDoqI34LdN79PE0vH,https://api.spotify.com/v1/tracks/1mQOFRDoqI34LdN79PE0vH,https://api.spotify.com/v1/audio-analysis/1mQOFRDoqI34LdN79PE0vH,180923,4,c,2
72,Liberdade,"Alok, Mc Don Juan",2,funk,0.81,0.789,6,-4.032,1,0.0498,0.0254,1.85E-06,0.104,0.432,129.988,audio_features,2QLbRVzixE282JSQjBz2DG,spotify:track:2QLbRVzixE282JSQjBz2DG,https://api.spotify.com/v1/tracks/2QLbRVzixE282JSQjBz2DG,https://api.spotify.com/v1/audio-analysis/2QLbRVzixE282JSQjBz2DG,150462,4,i,8
73,So Sapao Nervoso Vs Toma Catuada,"DJ DN, MC Gui Andrade",2,funk,0.946,0.475,0,-3.681,1,0.27,0.731,0,0.0952,0.667,132.041,audio_features,2BEGTomoM88uGMOzRmZirl,spotify:track:2BEGTomoM88uGMOzRmZirl,https://api.spotify.com/v1/tracks/2BEGTomoM88uGMOzRmZirl,https://api.spotify.com/v1/audio-analysis/2BEGTomoM88uGMOzRmZirl,186364,4,f,5
74,Cai de vagarinho ate embaixo,"MC Rennan, DJ Braga Oficial",2,funk,0.939,0.544,11,-7.481,1,0.221,0.481,0,0.301,0.9,130.264,audio_features,4V0OqVsxQOtwSkzh4540xl,spotify:track:4V0OqVsxQOtwSkzh4540xl,https://api.spotify.com/v1/tracks/4V0OqVsxQOtwSkzh4540xl,https://api.spotify.com/v1/audio-analysis/4V0OqVsxQOtwSkzh4540xl,141212,4,j,9
75,É so botada,"MC Levin, Caveirinha",2,funk,0.953,0.544,5,-5.411,0,0.0843,0.0466,0.0179,0.0395,0.853,129.988,audio_features,07c9lzwx1IIm101PnB4BZu,spotify:track:07c9lzwx1IIm101PnB4BZu,https://api.spotify.com/v1/tracks/07c9lzwx1IIm101PnB4BZu,https://api.spotify.com/v1/audio-analysis/07c9lzwx1IIm101PnB4BZu,145846,4,j,9
76,Bipolar,"MC Davi, MC Pedrinho",2,funk,0.601,0.36,9,-7.791,0,0.0877,0.586,0,0.0882,0.335,124.993,audio_features,0qxLQ6opocOGyFnlXqJ53x,spotify:track:0qxLQ6opocOGyFnlXqJ53x,https://api.spotify.com/v1/tracks/0qxLQ6opocOGyFnlXqJ53x,https://api.spotify.com/v1/audio-analysis/0qxLQ6opocOGyFnlXqJ53x,276480,4,p,15
77,Uma cavala mesmo,"MC Meno K, MC Cria",2,funk,0.867,0.374,9,-11.883,0,0.236,0.629,0,0.161,0.684,130.026,audio_features,1bK6UaFcArJvIaMeKPTFSm,spotify:track:1bK6UaFcArJvIaMeKPTFSm,https://api.spotify.com/v1/tracks/1bK6UaFcArJvIaMeKPTFSm,https://api.spotify.com/v1/audio-analysis/1bK6UaFcArJvIaMeKPTFSm,151248,4,n,13
78,Acabou a água,"MC 3L, DJ J2",2,funk,0.907,0.475,11,-2.506,0,0.072,0.553,3.32E-06,0.265,0.592,130.038,audio_features,7jFEykLSATTBHLCJXikHmD,spotify:track:7jFEykLSATTBHLCJXikHmD,https://api.spotify.com/v1/tracks/7jFEykLSATTBHLCJXikHmD,https://api.spotify.com/v1/audio-analysis/7jFEykLSATTBHLCJXikHmD,174759,4,c,2
79,Nao nasceu pra namorar,"MC Zaquin, MC Rick",2,funk,0.525,0.448,1,-4.075,0,0.0443,0.14,0,0.0922,0.527,83.406,audio_features,6pQKUKBpwr6GhfhcFFFozo,spotify:track:6pQKUKBpwr6GhfhcFFFozo,https://api.spotify.com/v1/tracks/6pQKUKBpwr6GhfhcFFFozo,https://api.spotify.com/v1/audio-analysis/6pQKUKBpwr6GhfhcFFFozo,140308,4,m,12
80,Espirra o lanca,"DJ Serpinha, MC 2jhow",2,funk,0.685,0.447,10,-2.757,1,0.132,0.667,0.000771,0.0635,0.745,130.774,audio_features,0vYDCcg9nEpMvuiCtgjv5G,spotify:track:0vYDCcg9nEpMvuiCtgjv5G,https://api.spotify.com/v1/tracks/0vYDCcg9nEpMvuiCtgjv5G,https://api.spotify.com/v1/audio-analysis/0vYDCcg9nEpMvuiCtgjv5G,190055,4,c,2
81,AK47 é o porte do homem,"MC Torugo, MC Falah",2,funk,0.835,0.439,9,-4.079,1,0.378,0.75,1.93E-06,0.207,0.544,130.155,audio_features,5HdghQzJVbvkZuMyvj2k34,spotify:track:5HdghQzJVbvkZuMyvj2k34,https://api.spotify.com/v1/tracks/5HdghQzJVbvkZuMyvj2k34,https://api.spotify.com/v1/audio-analysis/5HdghQzJVbvkZuMyvj2k34,133944,4,f,5
82,Maca Verde,MC Hariel,2,funk,0.582,0.531,10,-3.725,1,0.0905,0.0428,7.39E-06,0.1,0.169,85.322,audio_features,7lJoRyuNJtuiqTcKtuMuIR,spotify:track:7lJoRyuNJtuiqTcKtuMuIR,https://api.spotify.com/v1/tracks/7lJoRyuNJtuiqTcKtuMuIR,https://api.spotify.com/v1/audio-analysis/7lJoRyuNJtuiqTcKtuMuIR,164308,5,i,8
83,Faz a pose,"MC Teteu, MC Ks, DJ Serpinha",2,funk,0.909,0.3,10,-7.792,0,0.256,0.351,2.28E-06,0.0724,0.694,129.975,audio_features,1sTVKLLFDfAfowsG4bRBN4,spotify:track:1sTVKLLFDfAfowsG4bRBN4,https://api.spotify.com/v1/tracks/1sTVKLLFDfAfowsG4bRBN4,https://api.spotify.com/v1/audio-analysis/1sTVKLLFDfAfowsG4bRBN4,135732,4,n,13
84,"Apaga Luz, Apaga Tudo - Challenge","DH TN BEat, DJ TS",2,funk,0.722,0.986,5,1.317,0,0.227,0.0215,0.000228,0.0621,0.403,130.13,audio_features,0v192IDdClYsae1YWxhTO9,spotify:track:0v192IDdClYsae1YWxhTO9,https://api.spotify.com/v1/tracks/0v192IDdClYsae1YWxhTO9,https://api.spotify.com/v1/audio-analysis/0v192IDdClYsae1YWxhTO9,121846,4,o,14
85,Vai tomando foguenta,MC Yuri,2,funk,0.869,0.89,9,1.221,0,0.229,0.138,0.144,0.0475,0.601,130.192,audio_features,3SwHWvT7Uze9CqI5LJowv5,spotify:track:3SwHWvT7Uze9CqI5LJowv5,https://api.spotify.com/v1/tracks/3SwHWvT7Uze9CqI5LJowv5,https://api.spotify.com/v1/audio-analysis/3SwHWvT7Uze9CqI5LJowv5,156970,4,d,3
86,Trajado de glock ela joga na cara,TZ da Coronel,2,funk,0.719,0.689,6,-4.612,1,0.437,0.528,1.55E-06,0.112,0.955,70,audio_features,2dcYBsq0wTqkJIlfNMGfrR,spotify:track:2dcYBsq0wTqkJIlfNMGfrR,https://api.spotify.com/v1/tracks/2dcYBsq0wTqkJIlfNMGfrR,https://api.spotify.com/v1/audio-analysis/2dcYBsq0wTqkJIlfNMGfrR,127070,3,f,5
87,Renk Renk,MC MN,2,funk,0.799,0.74,2,-5.525,1,0.356,0.0713,1.30E-06,0.222,0.554,129.918,audio_features,2bPghtjMJBxGMjSgi8rMKK,spotify:track:2bPghtjMJBxGMjSgi8rMKK,https://api.spotify.com/v1/tracks/2bPghtjMJBxGMjSgi8rMKK,https://api.spotify.com/v1/audio-analysis/2bPghtjMJBxGMjSgi8rMKK,214176,4,k,10
88,Separei,MC WM,2,funk,0.927,0.522,8,-5.669,1,0.348,0.0254,0,0.0992,0.749,133.012,audio_features,16uUeKOV7m51Vlx9oUIEvE,spotify:track:16uUeKOV7m51Vlx9oUIEvE,https://api.spotify.com/v1/tracks/16uUeKOV7m51Vlx9oUIEvE,https://api.spotify.com/v1/audio-analysis/16uUeKOV7m51Vlx9oUIEvE,162406,4,k,10
89,Um sabadao desse uma lua dessa,MC Taliba,2,funk,0.921,0.83,5,-1.361,1,0.135,0.584,3.17E-05,0.0522,0.596,133.089,audio_features,3KfyRuNdcCGsZb15sqrXDA,spotify:track:3KfyRuNdcCGsZb15sqrXDA,https://api.spotify.com/v1/tracks/3KfyRuNdcCGsZb15sqrXDA,https://api.spotify.com/v1/audio-analysis/3KfyRuNdcCGsZb15sqrXDA,172748,4,o,14
90,Golpe trocado,MC Frog,2,funk,0.716,0.597,11,-5.909,1,0.292,0.794,0.00397,0.0604,0.729,88.531,audio_features,0nGOQOcurYXEWKcWi2ZrQo,spotify:track:0nGOQOcurYXEWKcWi2ZrQo,https://api.spotify.com/v1/tracks/0nGOQOcurYXEWKcWi2ZrQo,https://api.spotify.com/v1/audio-analysis/0nGOQOcurYXEWKcWi2ZrQo,121846,5,f,5
91,Amor ou o litrao,"Mila, Petter Ferraz",2,funk,0.783,0.902,6,-3.063,0,0.0351,0.382,0,0.0556,0.897,144.116,audio_features,4WcskbAX3wImaennFI79Ll,spotify:track:4WcskbAX3wImaennFI79Ll,https://api.spotify.com/v1/tracks/4WcskbAX3wImaennFI79Ll,https://api.spotify.com/v1/audio-analysis/4WcskbAX3wImaennFI79Ll,170000,4,g,6
92,Comprei um lanca,MC Jacare,2,funk,0.652,0.723,7,-7.576,1,0.112,0.238,0.000349,0.0719,0.53,130.759,audio_features,12v6LfkX9YIR3uLefIAAYZ,spotify:track:12v6LfkX9YIR3uLefIAAYZ,https://api.spotify.com/v1/tracks/12v6LfkX9YIR3uLefIAAYZ,https://api.spotify.com/v1/audio-analysis/12v6LfkX9YIR3uLefIAAYZ,112346,3,s,19
93,Talarica,Rennan da Penha,2,funk,0.826,0.895,0,-4.828,0,0.49,0.22,0,0.0572,0.623,160.069,audio_features,4VUcZNeuit8e7zmSAI4GbL,spotify:track:4VUcZNeuit8e7zmSAI4GbL,https://api.spotify.com/v1/tracks/4VUcZNeuit8e7zmSAI4GbL,https://api.spotify.com/v1/audio-analysis/4VUcZNeuit8e7zmSAI4GbL,162000,4,k,10
94,Oh Juliana,Niack,2,funk,0.799,0.568,6,-3.089,1,0.25,0.387,0,0.0892,0.963,129.63,audio_features,4xWzZmX4K1yyrdtRfbUvjt,spotify:track:4xWzZmX4K1yyrdtRfbUvjt,https://api.spotify.com/v1/tracks/4xWzZmX4K1yyrdtRfbUvjt,https://api.spotify.com/v1/audio-analysis/4xWzZmX4K1yyrdtRfbUvjt,153078,4,f,5
95,Play no verao,Mc Lipi,2,funk,0.594,0.795,5,-1.074,1,0.158,0.0571,1.00E-06,0.198,0.681,179.956,audio_features,2G6M3FS6WpeRliynhEKruN,spotify:track:2G6M3FS6WpeRliynhEKruN,https://api.spotify.com/v1/tracks/2G6M3FS6WpeRliynhEKruN,https://api.spotify.com/v1/audio-analysis/2G6M3FS6WpeRliynhEKruN,206054,4,g,6
96,Rainha da favela,Ludmila,2,funk,0.867,0.67,0,-3.839,0,0.0438,0.23,0.00468,0.0889,0.891,135.064,audio_features,3vu864xi5Xis9VfOsJpmXu,spotify:track:3vu864xi5Xis9VfOsJpmXu,https://api.spotify.com/v1/tracks/3vu864xi5Xis9VfOsJpmXu,https://api.spotify.com/v1/audio-analysis/3vu864xi5Xis9VfOsJpmXu,160905,4,c,2
97,E nós tem um charme que é da hora,MC Dricka,2,funk,0.913,0.822,9,0.172,0,0.116,0.355,1.10E-06,0.112,0.558,126.874,audio_features,4koUrXFuoId1b6wrMF3laS,spotify:track:4koUrXFuoId1b6wrMF3laS,https://api.spotify.com/v1/tracks/4koUrXFuoId1b6wrMF3laS,https://api.spotify.com/v1/audio-analysis/4koUrXFuoId1b6wrMF3laS,197480,4,o,14
98,Ta apaixonado babaca,DJ Guuga,2,funk,0.8,0.532,2,-5.495,1,0.372,0.272,0,0.211,0.9,80.234,audio_features,7N3BrHFlnZbOs8lPGPg1gg,spotify:track:7N3BrHFlnZbOs8lPGPg1gg,https://api.spotify.com/v1/tracks/7N3BrHFlnZbOs8lPGPg1gg,https://api.spotify.com/v1/audio-analysis/7N3BrHFlnZbOs8lPGPg1gg,175543,4,f,5
99,Deixa de onda (Porra nenhuma),Dennis,2,funk,0.815,0.69,9,-4.622,1,0.0469,0.29,0,0.312,0.654,135.036,audio_features,0DlHQxrVijRqVUfuS6PKaY,spotify:track:0DlHQxrVijRqVUfuS6PKaY,https://api.spotify.com/v1/tracks/0DlHQxrVijRqVUfuS6PKaY,https://api.spotify.com/v1/audio-analysis/0DlHQxrVijRqVUfuS6PKaY,185000,4,c,2
100,Rave balanca e bafora,Ventura,2,funk,0.843,0.819,9,-2.75,1,0.209,0.112,0.0114,0.932,0.544,134.929,audio_features,7tswnwncDD0zJ1JpFf13Gl,spotify:track:7tswnwncDD0zJ1JpFf13Gl,https://api.spotify.com/v1/tracks/7tswnwncDD0zJ1JpFf13Gl,https://api.spotify.com/v1/audio-analysis/7tswnwncDD0zJ1JpFf13Gl,193796,4,b,1
101,To preoucupada,MC Rebecca,2,funk,0.895,0.671,7,-3.126,1,0.137,0.243,3.57E-06,0.0768,0.905,84.956,audio_features,70jrNdP6R9AKHazjaurG3Z,spotify:track:70jrNdP6R9AKHazjaurG3Z,https://api.spotify.com/v1/tracks/70jrNdP6R9AKHazjaurG3Z,https://api.spotify.com/v1/audio-analysis/70jrNdP6R9AKHazjaurG3Z,120000,4,c,2
102,Colocada forte,Niack,2,funk,0.788,0.384,11,-8.31,1,0.274,0.819,0.000338,0.204,0.253,86.625,audio_features,46VUUTyq8mxuZATdP5bZVd,spotify:track:46VUUTyq8mxuZATdP5bZVd,https://api.spotify.com/v1/tracks/46VUUTyq8mxuZATdP5bZVd,https://api.spotify.com/v1/audio-analysis/46VUUTyq8mxuZATdP5bZVd,142832,5,n,13
103,Como se tá maravilhosa,MC Lipi,2,funk,0.727,0.702,5,-2.568,1,0.0692,0.046,0,0.298,0.644,129.989,audio_features,0eLCuW89pb6I3BC0NMGHFW,spotify:track:0eLCuW89pb6I3BC0NMGHFW,https://api.spotify.com/v1/tracks/0eLCuW89pb6I3BC0NMGHFW,https://api.spotify.com/v1/audio-analysis/0eLCuW89pb6I3BC0NMGHFW,210521,4,c,2
104,Hoje é rave,Bárbara Labres,2,funk,0.8,0.519,2,-3.979,1,0.208,0.0969,1.36E-05,0.0646,0.328,133.951,audio_features,2CBpRE0A922XhWLSI8AT9O,spotify:track:2CBpRE0A922XhWLSI8AT9O,https://api.spotify.com/v1/tracks/2CBpRE0A922XhWLSI8AT9O,https://api.spotify.com/v1/audio-analysis/2CBpRE0A922XhWLSI8AT9O,146924,4,k,10
105,Avancada,MC Kevinho,2,funk,0.602,0.9,8,-1.507,1,0.13,0.04,0,0.386,0.752,149.616,audio_features,1fWITNjgwmKEonjikQUaa1,spotify:track:1fWITNjgwmKEonjikQUaa1,https://api.spotify.com/v1/tracks/1fWITNjgwmKEonjikQUaa1,https://api.spotify.com/v1/audio-analysis/1fWITNjgwmKEonjikQUaa1,115200,4,g,6
106,Ilusao,MC Hariel,2,funk,0.628,0.624,9,-7.968,0,0.254,0.112,0,0.197,0.47,159.646,audio_features,6WXglvTFRmjlHHhgjYMNif,spotify:track:6WXglvTFRmjlHHhgjYMNif,https://api.spotify.com/v1/tracks/6WXglvTFRmjlHHhgjYMNif,https://api.spotify.com/v1/audio-analysis/6WXglvTFRmjlHHhgjYMNif,324000,4,k,10
107,Senta no fazendeiro,MC Jacaré,2,funk,0.727,0.601,9,-5.037,1,0.052,0.569,0,0.0566,0.723,130.057,audio_features,1wsL4Lgoo27ETnLt6svbnT,spotify:track:1wsL4Lgoo27ETnLt6svbnT,https://api.spotify.com/v1/tracks/1wsL4Lgoo27ETnLt6svbnT,https://api.spotify.com/v1/audio-analysis/1wsL4Lgoo27ETnLt6svbnT,146233,4,c,2
108,O maestro dos fluxos,DJ Ery,2,funk,0.72,0.942,2,-2.32,1,0.0846,0.52,0.000891,0.579,0.514,129.995,audio_features,0yq4hmZV3SUzaLrvqOe00e,spotify:track:0yq4hmZV3SUzaLrvqOe00e,https://api.spotify.com/v1/tracks/0yq4hmZV3SUzaLrvqOe00e,https://api.spotify.com/v1/audio-analysis/0yq4hmZV3SUzaLrvqOe00e,246449,4,b,1
109,Xereca de mel,"Shevchenko e Elloco, MC Mari",2,funk,0.852,0.904,0,-2.379,0,0.0656,0.143,0.00159,0.146,0.853,95.029,audio_features,3csAhPJlNeCDnvuTdT8RQw,spotify:track:3csAhPJlNeCDnvuTdT8RQw,https://api.spotify.com/v1/tracks/3csAhPJlNeCDnvuTdT8RQw,https://api.spotify.com/v1/audio-analysis/3csAhPJlNeCDnvuTdT8RQw,149151,4,g,6
110,Homenagem aos reliquias,"DJ Matt D, MC Lipi",2,funk,0.906,0.641,3,-2.875,0,0.308,0.0935,0,0.0551,0.678,129.987,audio_features,4vDC52DnSqAjec5Vh5yJEb,spotify:track:4vDC52DnSqAjec5Vh5yJEb,https://api.spotify.com/v1/tracks/4vDC52DnSqAjec5Vh5yJEb,https://api.spotify.com/v1/audio-analysis/4vDC52DnSqAjec5Vh5yJEb,303769,4,k,10
111,Set DJ GM 2.0,"MC Paulin da Capital, MC Lipi",2,funk,0.526,0.642,8,-3.044,0,0.0932,0.609,0,0.0974,0.597,133.14,audio_features,7wanYYFVi4cDqRXbPAfM1Y,spotify:track:7wanYYFVi4cDqRXbPAfM1Y,https://api.spotify.com/v1/tracks/7wanYYFVi4cDqRXbPAfM1Y,https://api.spotify.com/v1/audio-analysis/7wanYYFVi4cDqRXbPAfM1Y,475246,5,m,12
112,Cupido FDP 2,"MC Rick, MC Vittin PV",2,funk,0.728,0.657,1,-1.603,1,0.0557,0.678,0,0.117,0.375,130.218,audio_features,1D4Jo67A2x8qvAUKu2S12y,spotify:track:1D4Jo67A2x8qvAUKu2S12y,https://api.spotify.com/v1/tracks/1D4Jo67A2x8qvAUKu2S12y,https://api.spotify.com/v1/audio-analysis/1D4Jo67A2x8qvAUKu2S12y,138461,4,o,14
113,Rave na praia,MC Teteu,2,funk,0.628,0.635,9,-3.757,1,0.0661,0.0314,0.00226,0.302,0.518,87.981,audio_features,50YsV2XFugoMrqJK9Ttdly,spotify:track:50YsV2XFugoMrqJK9Ttdly,https://api.spotify.com/v1/tracks/50YsV2XFugoMrqJK9Ttdly,https://api.spotify.com/v1/audio-analysis/50YsV2XFugoMrqJK9Ttdly,203636,4,i,8
114,Morena ,"MC Paulin da Capital, DJ GM",2,funk,0.632,0.85,4,-1.81,0,0.187,0.408,0,0.119,0.615,190.154,audio_features,2W0VenqvlMW4c65YsxT5zu,spotify:track:2W0VenqvlMW4c65YsxT5zu,https://api.spotify.com/v1/tracks/2W0VenqvlMW4c65YsxT5zu,https://api.spotify.com/v1/audio-analysis/2W0VenqvlMW4c65YsxT5zu,197053,4,s,19
115,Vitoria Chegou,MC Lipi,2,funk,0.624,0.656,7,-3.176,0,0.41,0.324,0,0.286,0.506,200.352,audio_features,5Oc6eNk3onmNM94Wipks7G,spotify:track:5Oc6eNk3onmNM94Wipks7G,https://api.spotify.com/v1/tracks/5Oc6eNk3onmNM94Wipks7G,https://api.spotify.com/v1/audio-analysis/5Oc6eNk3onmNM94Wipks7G,218400,4,k,10
116,Playlist,Mumuzinho,3,pagode,0.707,0.666,5,-8.272,1,0.0678,0.256,0,0.113,0.923,160.96,audio_features,6rftze5MC2y76ivrCPemqw,spotify:track:6rftze5MC2y76ivrCPemqw,https://api.spotify.com/v1/tracks/6rftze5MC2y76ivrCPemqw,https://api.spotify.com/v1/audio-analysis/6rftze5MC2y76ivrCPemqw,173830,4,j,9
117,Para tudo / Loucura do seu coracao,"Di proposito, Grupo menos é mais",3,pagode,0.478,0.833,2,-4.401,1,0.0551,0.501,0,0.976,0.511,158.011,audio_features,4H6H1Ca9BN5xQdNBrTfff7,spotify:track:4H6H1Ca9BN5xQdNBrTfff7,https://api.spotify.com/v1/tracks/4H6H1Ca9BN5xQdNBrTfff7,https://api.spotify.com/v1/audio-analysis/4H6H1Ca9BN5xQdNBrTfff7,221895,4,h,7
118,Presentinho,Guga Nandes,3,pagode,0.626,0.61,2,-7.222,1,0.0322,0.717,0,0.952,0.67,144.058,audio_features,4p3ZUX6cVNehD8EphzU7iJ,spotify:track:4p3ZUX6cVNehD8EphzU7iJ,https://api.spotify.com/v1/tracks/4p3ZUX6cVNehD8EphzU7iJ,https://api.spotify.com/v1/audio-analysis/4p3ZUX6cVNehD8EphzU7iJ,212531,4,h,7
119,Eu topo,Sorriso Maroto,3,pagode,0.603,0.719,9,-7.939,1,0.0424,0.647,0,0.874,0.698,151.886,audio_features,7MJf15X5ecgZAXsvsEvesz,spotify:track:7MJf15X5ecgZAXsvsEvesz,https://api.spotify.com/v1/tracks/7MJf15X5ecgZAXsvsEvesz,https://api.spotify.com/v1/audio-analysis/7MJf15X5ecgZAXsvsEvesz,214966,4,h,7
120,Eu nao sou de entregar,Ferrugem,3,pagode,0.634,0.627,11,-6.804,0,0.0321,0.388,0,0.328,0.759,145.821,audio_features,3IsTYAUWhdQgqEV35GlJYB,spotify:track:3IsTYAUWhdQgqEV35GlJYB,https://api.spotify.com/v1/tracks/3IsTYAUWhdQgqEV35GlJYB,https://api.spotify.com/v1/audio-analysis/3IsTYAUWhdQgqEV35GlJYB,187053,4,a,0
121,Ja tentei,"Vou pro sereno, Ludmilla",3,pagode,0.457,0.7,5,-5.703,0,0.0439,0.658,2.31E-06,0.98,0.609,155.717,audio_features,6JIhgAuKTkKsvJkFUGmoRU,spotify:track:6JIhgAuKTkKsvJkFUGmoRU,https://api.spotify.com/v1/tracks/6JIhgAuKTkKsvJkFUGmoRU,https://api.spotify.com/v1/audio-analysis/6JIhgAuKTkKsvJkFUGmoRU,219939,4,h,7
122,To achando que é amor,Péricles,3,pagode,0.64,0.597,1,-8.117,0,0.0343,0.481,0,0.159,0.779,90.065,audio_features,6ankUWkGTEiABTTdZiDd5H,spotify:track:6ankUWkGTEiABTTdZiDd5H,https://api.spotify.com/v1/tracks/6ankUWkGTEiABTTdZiDd5H,https://api.spotify.com/v1/audio-analysis/6ankUWkGTEiABTTdZiDd5H,188167,4,a,0
123,Adorei,Grupo menos é mais,3,pagode,0.746,0.668,7,-6.496,1,0.0398,0.642,0,0.109,0.798,151.853,audio_features,6rfNbeEGCh8M5AAj879g0r,spotify:track:6rfNbeEGCh8M5AAj879g0r,https://api.spotify.com/v1/tracks/6rfNbeEGCh8M5AAj879g0r,https://api.spotify.com/v1/audio-analysis/6rfNbeEGCh8M5AAj879g0r,179452,4,a,0
124,Domingando,Thiaguinho,3,pagode,0.404,0.782,5,-7.848,1,0.0741,0.298,0,0.94,0.732,87.515,audio_features,1DyuiZ9vg4VZUZjiPEJHoG,spotify:track:1DyuiZ9vg4VZUZjiPEJHoG,https://api.spotify.com/v1/tracks/1DyuiZ9vg4VZUZjiPEJHoG,https://api.spotify.com/v1/audio-analysis/1DyuiZ9vg4VZUZjiPEJHoG,223273,4,h,7
125,Nunca encontrei,"Malibu, Grupo Menos é Mais, Ferrugem",3,pagode,0.622,0.802,4,-7.083,0,0.0346,0.0569,5.45E-06,0.181,0.601,142.001,audio_features,3HfCqsCsNIti28HMUqWJZK,spotify:track:3HfCqsCsNIti28HMUqWJZK,https://api.spotify.com/v1/tracks/3HfCqsCsNIti28HMUqWJZK,https://api.spotify.com/v1/audio-analysis/3HfCqsCsNIti28HMUqWJZK,229250,4,i,8
126,Ela nao,Ludmilla,3,pagode,0.558,0.674,7,-5.426,1,0.107,0.71,0,0.208,0.846,169.831,audio_features,3B7aR5W9WNzo9FeIsdGxI1,spotify:track:3B7aR5W9WNzo9FeIsdGxI1,https://api.spotify.com/v1/tracks/3B7aR5W9WNzo9FeIsdGxI1,https://api.spotify.com/v1/audio-analysis/3B7aR5W9WNzo9FeIsdGxI1,148655,4,a,0
127,Sogra,"Dilsinho, Henrique & Juliano",3,pagode,0.519,0.742,11,-7.184,1,0.0702,0.55,0,0.951,0.777,138.11,audio_features,4x8XaoLvpo6kd51PZD16RK,spotify:track:4x8XaoLvpo6kd51PZD16RK,https://api.spotify.com/v1/tracks/4x8XaoLvpo6kd51PZD16RK,https://api.spotify.com/v1/audio-analysis/4x8XaoLvpo6kd51PZD16RK,177068,4,h,7
128,Manda áudio,Di Proposito,3,pagode,0.63,0.63,2,-7.674,1,0.0697,0.619,0,0.0936,0.942,157.948,audio_features,4nsXVD1xw3BRMFUWx5gQRe,spotify:track:4nsXVD1xw3BRMFUWx5gQRe,https://api.spotify.com/v1/tracks/4nsXVD1xw3BRMFUWx5gQRe,https://api.spotify.com/v1/audio-analysis/4nsXVD1xw3BRMFUWx5gQRe,162057,4,a,0
129,Acima da média,Sudario,3,pagode,0.571,0.866,4,-6.566,0,0.0502,0.333,0,0.55,0.764,177.981,audio_features,53mAzU1LKvgBrDvhFsq7e9,spotify:track:53mAzU1LKvgBrDvhFsq7e9,https://api.spotify.com/v1/tracks/53mAzU1LKvgBrDvhFsq7e9,https://api.spotify.com/v1/audio-analysis/53mAzU1LKvgBrDvhFsq7e9,160618,4,e,4
130,Amor difícil,"Ludmilla, Thiaguinho",3,pagode,0.674,0.594,7,-6.612,1,0.0481,0.705,0,0.083,0.826,142.157,audio_features,7vzfaxzAl0YNLBp2xA7T0b,spotify:track:7vzfaxzAl0YNLBp2xA7T0b,https://api.spotify.com/v1/tracks/7vzfaxzAl0YNLBp2xA7T0b,https://api.spotify.com/v1/audio-analysis/7vzfaxzAl0YNLBp2xA7T0b,220004,4,a,0
131,Azul sem fim,"Grupo Revelacao, Di Proposito",3,pagode,0.349,0.678,9,-6.947,1,0.0728,0.624,0,0.367,0.759,170.41,audio_features,6HA8gaQ27DPIYkEUxrucpm,spotify:track:6HA8gaQ27DPIYkEUxrucpm,https://api.spotify.com/v1/tracks/6HA8gaQ27DPIYkEUxrucpm,https://api.spotify.com/v1/audio-analysis/6HA8gaQ27DPIYkEUxrucpm,196126,4,a,0
132,Oh! Lá em casa,Turma do Pagode,3,pagode,0.667,0.884,11,-6.697,1,0.0442,0.549,0,0.884,0.961,90.027,audio_features,4VlcIonqmYblsWfCYzbaX4,spotify:track:4VlcIonqmYblsWfCYzbaX4,https://api.spotify.com/v1/tracks/4VlcIonqmYblsWfCYzbaX4,https://api.spotify.com/v1/audio-analysis/4VlcIonqmYblsWfCYzbaX4,189333,4,e,4
133,Nao vai embora,"Dilsinho, Luisa Sonza",3,pagode,0.605,0.723,4,-6.312,0,0.0383,0.488,0,0.333,0.57,142.061,audio_features,28atBekPVlTdnU4M9Z7udd,spotify:track:28atBekPVlTdnU4M9Z7udd,https://api.spotify.com/v1/tracks/28atBekPVlTdnU4M9Z7udd,https://api.spotify.com/v1/audio-analysis/28atBekPVlTdnU4M9Z7udd,205786,4,a,0
134,Mande um sinal / Ele e ela,Pixote,3,pagode,0.498,0.772,2,-6.465,1,0.0695,0.68,0,0.118,0.762,103.359,audio_features,2Jysre3rcptlze7rb19rWo,spotify:track:2Jysre3rcptlze7rb19rWo,https://api.spotify.com/v1/tracks/2Jysre3rcptlze7rb19rWo,https://api.spotify.com/v1/audio-analysis/2Jysre3rcptlze7rb19rWo,304431,4,a,0
135,Acende o celular,Tiee,3,pagode,0.579,0.651,6,-8.511,0,0.0311,0.804,0,0.694,0.769,152.054,audio_features,50zr9GG0ZeGJ4k8TG5x2S2,spotify:track:50zr9GG0ZeGJ4k8TG5x2S2,https://api.spotify.com/v1/tracks/50zr9GG0ZeGJ4k8TG5x2S2,https://api.spotify.com/v1/audio-analysis/50zr9GG0ZeGJ4k8TG5x2S2,213321,4,h,7
136,Era uma vez,Thiaguinho,3,pagode,0.505,0.626,2,-6.384,1,0.0508,0.517,0,0.374,0.954,152.105,audio_features,04dm57fsY83pu28krebOai,spotify:track:04dm57fsY83pu28krebOai,https://api.spotify.com/v1/tracks/04dm57fsY83pu28krebOai,https://api.spotify.com/v1/audio-analysis/04dm57fsY83pu28krebOai,185407,4,a,0
137,Pagando mal com mal,Grupo Menos é Mais,3,pagode,0.622,0.605,7,-6.832,1,0.0603,0.794,0,0.0803,0.725,74.646,audio_features,3ghp4NBcLLryBGLkLX8eM4,spotify:track:3ghp4NBcLLryBGLkLX8eM4,https://api.spotify.com/v1/tracks/3ghp4NBcLLryBGLkLX8eM4,https://api.spotify.com/v1/audio-analysis/3ghp4NBcLLryBGLkLX8eM4,192888,4,a,0
138,Faz um coracao ai,Turma do pagode,3,pagode,0.649,0.607,0,-7.837,1,0.0413,0.714,0,0.958,0.711,89.996,audio_features,6xZ4peZOOAqyoJRuJZg6se,spotify:track:6xZ4peZOOAqyoJRuJZg6se,https://api.spotify.com/v1/tracks/6xZ4peZOOAqyoJRuJZg6se,https://api.spotify.com/v1/audio-analysis/6xZ4peZOOAqyoJRuJZg6se,212024,4,h,7
139,100 likes,"Sorriso Maroto, Belo",3,pagode,0.585,0.631,11,-8.118,1,0.0325,0.6,0,0.989,0.627,145.944,audio_features,6kbC245NmdhHIz5tRnYa40,spotify:track:6kbC245NmdhHIz5tRnYa40,https://api.spotify.com/v1/tracks/6kbC245NmdhHIz5tRnYa40,https://api.spotify.com/v1/audio-analysis/6kbC245NmdhHIz5tRnYa40,210173,4,h,7
140,Vida que segue,Belo,3,pagode,0.549,0.58,7,-5.68,1,0.0282,0.697,0,0.0853,0.537,138.082,audio_features,3WCnEnWRnegfWA0070rmIR,spotify:track:3WCnEnWRnegfWA0070rmIR,https://api.spotify.com/v1/tracks/3WCnEnWRnegfWA0070rmIR,https://api.spotify.com/v1/audio-analysis/3WCnEnWRnegfWA0070rmIR,197239,4,a,0
141,Tristinha,Ferrugem,3,pagode,0.575,0.75,9,-6.476,1,0.0406,0.471,0,0.367,0.754,156.093,audio_features,5KICj4rTC2Jz6RHfVZj75a,spotify:track:5KICj4rTC2Jz6RHfVZj75a,https://api.spotify.com/v1/tracks/5KICj4rTC2Jz6RHfVZj75a,https://api.spotify.com/v1/audio-analysis/5KICj4rTC2Jz6RHfVZj75a,249268,4,a,0
142,Coracao chorando,"Grupo Menos é Mais, Dilsinho",3,pagode,0.658,0.637,3,-6.815,1,0.0377,0.702,0,0.152,0.548,142.074,audio_features,2j8qG3i1wZUqU0YcpYs7LR,spotify:track:2j8qG3i1wZUqU0YcpYs7LR,https://api.spotify.com/v1/tracks/2j8qG3i1wZUqU0YcpYs7LR,https://api.spotify.com/v1/audio-analysis/2j8qG3i1wZUqU0YcpYs7LR,189803,4,a,0
143,Encontro de eros,Pixote,3,pagode,0.684,0.712,5,-9.249,1,0.107,0.619,0,0.484,0.548,98.004,audio_features,34lUr8VRDgMcYjiVJTkgCI,spotify:track:34lUr8VRDgMcYjiVJTkgCI,https://api.spotify.com/v1/tracks/34lUr8VRDgMcYjiVJTkgCI,https://api.spotify.com/v1/audio-analysis/34lUr8VRDgMcYjiVJTkgCI,202806,4,a,0
144,Recaída,Grupo Menos é Mais,3,pagode,0.78,0.751,7,-5.796,1,0.0575,0.36,0,0.11,0.788,88.985,audio_features,49rtHPYe4eny7j1sbDrm8j,spotify:track:49rtHPYe4eny7j1sbDrm8j,https://api.spotify.com/v1/tracks/49rtHPYe4eny7j1sbDrm8j,https://api.spotify.com/v1/audio-analysis/49rtHPYe4eny7j1sbDrm8j,181344,4,l,11
145,Difícil é chegar em casa,Thiaguinho,3,pagode,0.655,0.502,5,-8.313,1,0.0463,0.79,1.22E-06,0.129,0.212,127.897,audio_features,0Y7EVEsqyZsArYcpBujwV7,spotify:track:0Y7EVEsqyZsArYcpBujwV7,https://api.spotify.com/v1/tracks/0Y7EVEsqyZsArYcpBujwV7,https://api.spotify.com/v1/audio-analysis/0Y7EVEsqyZsArYcpBujwV7,235024,4,p,15
146,Deixa pra amanha,Dilsinho,3,pagode,0.539,0.746,7,-7.853,1,0.0352,0.605,0,0.969,0.653,144.119,audio_features,6hqJJY6rwAUS2zl9FsCQQH,spotify:track:6hqJJY6rwAUS2zl9FsCQQH,https://api.spotify.com/v1/tracks/6hqJJY6rwAUS2zl9FsCQQH,https://api.spotify.com/v1/audio-analysis/6hqJJY6rwAUS2zl9FsCQQH,184784,4,h,7
147,Balanco por voce,"Bom Gosto, Pericles",3,pagode,0.427,0.703,9,-7.007,1,0.0487,0.575,0,0.935,0.7,84.44,audio_features,73WpXYXqQFUuSkIul0VzSI,spotify:track:73WpXYXqQFUuSkIul0VzSI,https://api.spotify.com/v1/tracks/73WpXYXqQFUuSkIul0VzSI,https://api.spotify.com/v1/audio-analysis/73WpXYXqQFUuSkIul0VzSI,208512,4,h,7
148,Vai errar de novo,Pixote,3,pagode,0.61,0.856,0,-6.193,0,0.039,0.606,0,0.71,0.938,170.008,audio_features,45x7IKCBRhKUc3kSFilH2q,spotify:track:45x7IKCBRhKUc3kSFilH2q,https://api.spotify.com/v1/tracks/45x7IKCBRhKUc3kSFilH2q,https://api.spotify.com/v1/audio-analysis/45x7IKCBRhKUc3kSFilH2q,176103,4,e,4
149,Swing sinistrao,Bom Gosto,3,pagode,0.726,0.605,8,-8.25,0,0.0382,0.577,0,0.963,0.961,139.92,audio_features,2mJrUrEnIxtBjwIim7AqRY,spotify:track:2mJrUrEnIxtBjwIim7AqRY,https://api.spotify.com/v1/tracks/2mJrUrEnIxtBjwIim7AqRY,https://api.spotify.com/v1/audio-analysis/2mJrUrEnIxtBjwIim7AqRY,227157,4,e,4
150,O Brasil tem que te ver,"Turma do Pagode, MC Kevinho",3,pagode,0.694,0.822,7,-5.478,0,0.0467,0.449,0,0.97,0.911,163.748,audio_features,3SVRfC0uq01bI5jGCLkQjC,spotify:track:3SVRfC0uq01bI5jGCLkQjC,https://api.spotify.com/v1/tracks/3SVRfC0uq01bI5jGCLkQjC,https://api.spotify.com/v1/audio-analysis/3SVRfC0uq01bI5jGCLkQjC,160976,4,e,4
151,Nem de grraca / Saudade arregaca,Pixote,3,pagode,0.477,0.813,10,-5.919,1,0.0743,0.605,0,0.467,0.75,97.888,audio_features,141xCZ6pvh4ymCsQkOFX80,spotify:track:141xCZ6pvh4ymCsQkOFX80,https://api.spotify.com/v1/tracks/141xCZ6pvh4ymCsQkOFX80,https://api.spotify.com/v1/audio-analysis/141xCZ6pvh4ymCsQkOFX80,342622,4,h,7
152,Teu segredo,"Vou pro Sereno, Ludmilla",3,pagode,0.5,0.672,9,-7.363,1,0.0433,0.674,0,0.971,0.538,80.479,audio_features,3kySOLOrkLeOPvu3HXEgVz,spotify:track:3kySOLOrkLeOPvu3HXEgVz,https://api.spotify.com/v1/tracks/3kySOLOrkLeOPvu3HXEgVz,https://api.spotify.com/v1/audio-analysis/3kySOLOrkLeOPvu3HXEgVz,182861,4,h,7
153,Deixa tudo como tá,Thiaguinho,3,pagode,0.691,0.516,4,-9.437,1,0.156,0.397,0,0.711,0.56,142.848,audio_features,0abrd2vT2W3JZBDNezUY7r,spotify:track:0abrd2vT2W3JZBDNezUY7r,https://api.spotify.com/v1/tracks/0abrd2vT2W3JZBDNezUY7r,https://api.spotify.com/v1/audio-analysis/0abrd2vT2W3JZBDNezUY7r,217785,4,r,18
154,Melhor eu ir,Pericles,3,pagode,0.531,0.673,6,-5.173,0,0.0371,0.489,0,0.982,0.563,126.782,audio_features,49A6oRGs4sYLjJf8LgQUi6,spotify:track:49A6oRGs4sYLjJf8LgQUi6,https://api.spotify.com/v1/tracks/49A6oRGs4sYLjJf8LgQUi6,https://api.spotify.com/v1/audio-analysis/49A6oRGs4sYLjJf8LgQUi6,244536,4,h,7
155,Reprise,Sorriso Maroto,3,pagode,0.561,0.735,6,-6.847,0,0.0357,0.795,0,0.871,0.775,147.975,audio_features,4C24fGqRUrz3TyVt4uku2Y,spotify:track:4C24fGqRUrz3TyVt4uku2Y,https://api.spotify.com/v1/tracks/4C24fGqRUrz3TyVt4uku2Y,https://api.spotify.com/v1/audio-analysis/4C24fGqRUrz3TyVt4uku2Y,166673,4,h,7
156,Ate que enfim,Ferrugem,3,pagode,0.568,0.703,3,-5.268,1,0.034,0.538,0,0.922,0.74,139.889,audio_features,1zI3RU0boCVsAXChjCvESu,spotify:track:1zI3RU0boCVsAXChjCvESu,https://api.spotify.com/v1/tracks/1zI3RU0boCVsAXChjCvESu,https://api.spotify.com/v1/audio-analysis/1zI3RU0boCVsAXChjCvESu,224182,4,h,7
157,Pot-Pourri: Melhor eu ir ..,Grupo Menos é Mais,3,pagode,0.437,0.798,2,-3.928,1,0.0792,0.603,0,0.552,0.706,157.828,audio_features,2ptHQBO7TQhEkXOeK9ST59,spotify:track:2ptHQBO7TQhEkXOeK9ST59,https://api.spotify.com/v1/tracks/2ptHQBO7TQhEkXOeK9ST59,https://api.spotify.com/v1/audio-analysis/2ptHQBO7TQhEkXOeK9ST59,521088,4,h,7
158,A boba fui eu,Ludmilla,3,pagode,0.673,0.466,11,-8.483,1,0.0333,0.733,0,0.228,0.556,133.039,audio_features,4Y7ay3naWoluoOM3xIj1UZ,spotify:track:4Y7ay3naWoluoOM3xIj1UZ,https://api.spotify.com/v1/tracks/4Y7ay3naWoluoOM3xIj1UZ,https://api.spotify.com/v1/audio-analysis/4Y7ay3naWoluoOM3xIj1UZ,192871,4,a,0
159,Mantra,Mumuzinha,3,pagode,0.696,0.704,5,-7.283,1,0.0524,0.552,0,0.0857,0.962,110.888,audio_features,6w39TklH7Fg9brPgjFNJg4,spotify:track:6w39TklH7Fg9brPgjFNJg4,https://api.spotify.com/v1/tracks/6w39TklH7Fg9brPgjFNJg4,https://api.spotify.com/v1/audio-analysis/6w39TklH7Fg9brPgjFNJg4,200332,4,a,0
160,Apaixonadin,"Dilsinho, Thiaguinho",3,pagode,0.64,0.842,4,-6.282,0,0.0802,0.533,0,0.972,0.905,139.92,audio_features,5HJq5FP7lFSWQc4kfs8Uef,spotify:track:5HJq5FP7lFSWQc4kfs8Uef,https://api.spotify.com/v1/tracks/5HJq5FP7lFSWQc4kfs8Uef,https://api.spotify.com/v1/audio-analysis/5HJq5FP7lFSWQc4kfs8Uef,183649,4,e,4
161,Sem perceber,"Vitinho, Pixote",3,pagode,0.505,0.75,11,-6.347,1,0.0456,0.737,0,0.95,0.745,75.935,audio_features,35QVA4aLkkfiooChOruhy6,spotify:track:35QVA4aLkkfiooChOruhy6,https://api.spotify.com/v1/tracks/35QVA4aLkkfiooChOruhy6,https://api.spotify.com/v1/audio-analysis/35QVA4aLkkfiooChOruhy6,214502,4,h,7
162,Misturados,Dilsinho,3,pagode,0.528,0.694,2,-7.02,1,0.0379,0.545,0,0.593,0.573,151.994,audio_features,11YmUhvzX9My9Ey0gz2kRq,spotify:track:11YmUhvzX9My9Ey0gz2kRq,https://api.spotify.com/v1/tracks/11YmUhvzX9My9Ey0gz2kRq,https://api.spotify.com/v1/audio-analysis/11YmUhvzX9My9Ey0gz2kRq,209065,4,h,7
163,Barulhinho,Di Proposito,3,pagode,0.584,0.73,7,-6.059,1,0.1,0.617,0,0.983,0.788,159.785,audio_features,19w1dUxsyDWk7z0djfKJiV,spotify:track:19w1dUxsyDWk7z0djfKJiV,https://api.spotify.com/v1/tracks/19w1dUxsyDWk7z0djfKJiV,https://api.spotify.com/v1/audio-analysis/19w1dUxsyDWk7z0djfKJiV,138282,4,h,7
164,Muito cedo,Turma do Pagode,3,pagode,0.561,0.744,4,-6.402,1,0.0419,0.576,0,0.821,0.634,152.086,audio_features,60glrFrvqFW5RmNNecsnaa,spotify:track:60glrFrvqFW5RmNNecsnaa,https://api.spotify.com/v1/tracks/60glrFrvqFW5RmNNecsnaa,https://api.spotify.com/v1/audio-analysis/60glrFrvqFW5RmNNecsnaa,203289,4,h,7
165,Supera,Péricles,3,pagode,0.556,0.714,11,-5.973,0,0.0614,0.452,0,0.983,0.696,147.57,audio_features,0ePqDlJvdIrs58EKvPb9hN,spotify:track:0ePqDlJvdIrs58EKvPb9hN,https://api.spotify.com/v1/tracks/0ePqDlJvdIrs58EKvPb9hN,https://api.spotify.com/v1/audio-analysis/0ePqDlJvdIrs58EKvPb9hN,232279,4,h,7
166,Reinventar,Belo,3,pagode,0.303,0.81,8,-5.508,1,0.101,0.465,0,0.76,0.542,171.14,audio_features,1LJL5g2ixCpyP1CvcwTWOW,spotify:track:1LJL5g2ixCpyP1CvcwTWOW,https://api.spotify.com/v1/tracks/1LJL5g2ixCpyP1CvcwTWOW,https://api.spotify.com/v1/audio-analysis/1LJL5g2ixCpyP1CvcwTWOW,502982,4,h,7
167,Tudo menos isso,"Pixote, Leo Santana",3,pagode,0.632,0.836,7,-7.046,1,0.116,0.656,0,0.642,0.804,173.942,audio_features,0dxIWFmv5qPhYIEXJ2wFSx,spotify:track:0dxIWFmv5qPhYIEXJ2wFSx,https://api.spotify.com/v1/tracks/0dxIWFmv5qPhYIEXJ2wFSx,https://api.spotify.com/v1/audio-analysis/0dxIWFmv5qPhYIEXJ2wFSx,186810,4,e,4
168,Pot-Pourri: Temporal ..,Thiaguinho,3,pagode,0.356,0.89,7,-8.746,0,0.293,0.475,1.50E-06,0.972,0.416,91.442,audio_features,7Aq6nc61r9BJoqUwsVJmmi,spotify:track:7Aq6nc61r9BJoqUwsVJmmi,https://api.spotify.com/v1/tracks/7Aq6nc61r9BJoqUwsVJmmi,https://api.spotify.com/v1/audio-analysis/7Aq6nc61r9BJoqUwsVJmmi,255938,4,h,7
169,Curtir a vida,Bom Gosto,3,pagode,0.613,0.844,0,-6.091,1,0.0578,0.697,0,0.97,0.523,101.984,audio_features,2FPhwJ4XMald6q18tGjEY5,spotify:track:2FPhwJ4XMald6q18tGjEY5,https://api.spotify.com/v1/tracks/2FPhwJ4XMald6q18tGjEY5,https://api.spotify.com/v1/audio-analysis/2FPhwJ4XMald6q18tGjEY5,195614,4,h,7
170,Casa do amor,Ferrugem,3,pagode,0.633,0.636,9,-6.805,1,0.0413,0.497,0,0.168,0.548,123.908,audio_features,1asN0PoTPoBW2uoCHcpVzY,spotify:track:1asN0PoTPoBW2uoCHcpVzY,https://api.spotify.com/v1/tracks/1asN0PoTPoBW2uoCHcpVzY,https://api.spotify.com/v1/audio-analysis/1asN0PoTPoBW2uoCHcpVzY,218457,4,a,0
171,Inoperante,Tiee,3,pagode,0.547,0.712,2,-7.91,1,0.0476,0.657,0,0.965,0.856,93.798,audio_features,2LmFOl8Yd6tl6uzLxHWTfd,spotify:track:2LmFOl8Yd6tl6uzLxHWTfd,https://api.spotify.com/v1/tracks/2LmFOl8Yd6tl6uzLxHWTfd,https://api.spotify.com/v1/audio-analysis/2LmFOl8Yd6tl6uzLxHWTfd,223086,4,h,7
172,Festa no Quintal/Vai com deus ..,Turma do Pagode,3,pagode,0.536,0.633,1,-7.235,1,0.0861,0.677,0,0.129,0.858,124.938,audio_features,4lh1aiECYJb4Sls6Ib5F9D,spotify:track:4lh1aiECYJb4Sls6Ib5F9D,https://api.spotify.com/v1/tracks/4lh1aiECYJb4Sls6Ib5F9D,https://api.spotify.com/v1/audio-analysis/4lh1aiECYJb4Sls6Ib5F9D,716250,4,a,0
173,Sobrenome,"Vitinho, Pericles",3,pagode,0.631,0.726,0,-5.474,1,0.0356,0.648,0,0.987,0.734,141.947,audio_features,5U2HuHCEa57rYABlR5rTOZ,spotify:track:5U2HuHCEa57rYABlR5rTOZ,https://api.spotify.com/v1/tracks/5U2HuHCEa57rYABlR5rTOZ,https://api.spotify.com/v1/audio-analysis/5U2HuHCEa57rYABlR5rTOZ,192254,4,h,7
174,Bye Bye,Vou pro sereno,3,pagode,0.476,0.748,2,-5.757,1,0.0392,0.514,0,0.898,0.51,88.169,audio_features,442MvicuTZiHtBXajsf4A4,spotify:track:442MvicuTZiHtBXajsf4A4,https://api.spotify.com/v1/tracks/442MvicuTZiHtBXajsf4A4,https://api.spotify.com/v1/audio-analysis/442MvicuTZiHtBXajsf4A4,200922,4,h,7
175,Tao Linda,Atitude 67,3,pagode,0.877,0.557,9,-9.074,1,0.0911,0.169,0,0.265,0.829,152.874,audio_features,59WWulo1LM0njpIkcduCMn,spotify:track:59WWulo1LM0njpIkcduCMn,https://api.spotify.com/v1/tracks/59WWulo1LM0njpIkcduCMn,https://api.spotify.com/v1/audio-analysis/59WWulo1LM0njpIkcduCMn,147843,4,j,9
176,Nao volto atras,"Gaab, Dilsinho",3,pagode,0.677,0.625,7,-7.389,1,0.0489,0.746,0,0.129,0.548,142.004,audio_features,3yP5tFW7SH59VwjLqp1Fk5,spotify:track:3yP5tFW7SH59VwjLqp1Fk5,https://api.spotify.com/v1/tracks/3yP5tFW7SH59VwjLqp1Fk5,https://api.spotify.com/v1/audio-analysis/3yP5tFW7SH59VwjLqp1Fk5,244632,4,a,0
177,Dorme com deus,"Ta na Mente, Péricles",3,pagode,0.598,0.711,1,-6.408,1,0.052,0.594,0,0.9,0.607,145.844,audio_features,29x19EWLWMB1sn8WD5iynZ,spotify:track:29x19EWLWMB1sn8WD5iynZ,https://api.spotify.com/v1/tracks/29x19EWLWMB1sn8WD5iynZ,https://api.spotify.com/v1/audio-analysis/29x19EWLWMB1sn8WD5iynZ,215555,4,h,7
178,Amor em braile,Pixote,3,pagode,0.653,0.847,5,-7.326,0,0.0465,0.682,0,0.728,0.851,164.06,audio_features,3LgguNfNZVibOdHwJ3pAOm,spotify:track:3LgguNfNZVibOdHwJ3pAOm,https://api.spotify.com/v1/tracks/3LgguNfNZVibOdHwJ3pAOm,https://api.spotify.com/v1/audio-analysis/3LgguNfNZVibOdHwJ3pAOm,173283,4,e,4
179,De repente vem voce,"Ferrugem, Belo",3,pagode,0.333,0.744,7,-5.285,1,0.074,0.495,0,0.971,0.644,159.772,audio_features,35NaAQcpPAdSmYGuqKEuOI,spotify:track:35NaAQcpPAdSmYGuqKEuOI,https://api.spotify.com/v1/tracks/35NaAQcpPAdSmYGuqKEuOI,https://api.spotify.com/v1/audio-analysis/35NaAQcpPAdSmYGuqKEuOI,215560,4,h,7
180,Marra de durao,Grupo Clareou,3,pagode,0.573,0.758,5,-7.997,0,0.0336,0.502,0,0.98,0.823,159.958,audio_features,7g1HOdrkEpyX039t4jdL9P,spotify:track:7g1HOdrkEpyX039t4jdL9P,https://api.spotify.com/v1/tracks/7g1HOdrkEpyX039t4jdL9P,https://api.spotify.com/v1/audio-analysis/7g1HOdrkEpyX039t4jdL9P,182923,4,e,4
181,A fila anda,Thiaguinho,3,pagode,0.751,0.697,0,-8.012,1,0.0581,0.223,0,0.924,0.555,141.427,audio_features,4pl0csAczZemDLdyNYOmxT,spotify:track:4pl0csAczZemDLdyNYOmxT,https://api.spotify.com/v1/tracks/4pl0csAczZemDLdyNYOmxT,https://api.spotify.com/v1/audio-analysis/4pl0csAczZemDLdyNYOmxT,177805,4,h,7
182,Reticencias,"Guga Nandes, Suel",3,pagode,0.554,0.702,2,-7.57,1,0.0537,0.793,0,0.757,0.636,145.76,audio_features,4ilNUCeaT6nPcitiNSB6A0,spotify:track:4ilNUCeaT6nPcitiNSB6A0,https://api.spotify.com/v1/tracks/4ilNUCeaT6nPcitiNSB6A0,https://api.spotify.com/v1/audio-analysis/4ilNUCeaT6nPcitiNSB6A0,177843,4,h,7
183,Princesinha,Di Propósito,3,pagode,0.551,0.775,9,-5.892,1,0.0429,0.535,0,0.882,0.718,146.058,audio_features,1NT60UCx5DulzPxw3OyXOb,spotify:track:1NT60UCx5DulzPxw3OyXOb,https://api.spotify.com/v1/tracks/1NT60UCx5DulzPxw3OyXOb,https://api.spotify.com/v1/audio-analysis/1NT60UCx5DulzPxw3OyXOb,195265,4,h,7
184,Prudente,Thiaguinho,3,pagode,0.763,0.73,7,-6.636,1,0.0385,0.445,0,0.665,0.705,135.099,audio_features,5OkQbATpomh2u5D0YT2j63,spotify:track:5OkQbATpomh2u5D0YT2j63,https://api.spotify.com/v1/tracks/5OkQbATpomh2u5D0YT2j63,https://api.spotify.com/v1/audio-analysis/5OkQbATpomh2u5D0YT2j63,169201,4,e,4
185,So de olhar,Grupo Menos é Mais,3,pagode,0.609,0.718,0,-6.595,1,0.0381,0.57,0.000353,0.105,0.804,166.049,audio_features,2aRai41V487fr9KpYHzsJc,spotify:track:2aRai41V487fr9KpYHzsJc,https://api.spotify.com/v1/tracks/2aRai41V487fr9KpYHzsJc,https://api.spotify.com/v1/audio-analysis/2aRai41V487fr9KpYHzsJc,345835,4,a,0
186,Girl From Rio,Anitta,4,pop,0.692,0.639,0,-6.717,1,0.0352,0.00727,0,0.199,0.733,140.06,audio_features,2plRom0urixt6BE8t7kOhQ,spotify:track:2plRom0urixt6BE8t7kOhQ,https://api.spotify.com/v1/tracks/2plRom0urixt6BE8t7kOhQ,https://api.spotify.com/v1/audio-analysis/2plRom0urixt6BE8t7kOhQ,193343,4,l,11
187,Peaches,Justin Bieber,4,pop,0.677,0.696,0,-6.181,1,0.119,0.321,0,0.42,0.464,90.03,audio_features,4iJyoBOLtHqaGxP12qzhQI,spotify:track:4iJyoBOLtHqaGxP12qzhQI,https://api.spotify.com/v1/tracks/4iJyoBOLtHqaGxP12qzhQI,https://api.spotify.com/v1/audio-analysis/4iJyoBOLtHqaGxP12qzhQI,198082,4,i,8
188,Save Your Tears,The Weeknd,4,pop,0.65,0.825,0,-4.645,1,0.0325,0.0215,2.44E-05,0.0936,0.593,118.091,audio_features,37BZB0z9T8Xu7U3e65qxFy,spotify:track:37BZB0z9T8Xu7U3e65qxFy,https://api.spotify.com/v1/tracks/37BZB0z9T8Xu7U3e65qxFy,https://api.spotify.com/v1/audio-analysis/37BZB0z9T8Xu7U3e65qxFy,191014,4,i,8
189,Montero,Lil Nas X,4,pop,0.61,0.508,8,-6.682,0,0.152,0.297,0,0.384,0.758,178.818,audio_features,3BZEcbdtXQSo7OrvKRJ6mb,spotify:track:3BZEcbdtXQSo7OrvKRJ6mb,https://api.spotify.com/v1/tracks/3BZEcbdtXQSo7OrvKRJ6mb,https://api.spotify.com/v1/audio-analysis/3BZEcbdtXQSo7OrvKRJ6mb,137876,4,r,18
190,Levitating,Dua Lipa,4,pop,0.702,0.825,6,-3.787,0,0.0601,0.00883,0,0.0674,0.915,102.977,audio_features,463CkQjx2Zk1yXoBuierM9,spotify:track:463CkQjx2Zk1yXoBuierM9,https://api.spotify.com/v1/tracks/463CkQjx2Zk1yXoBuierM9,https://api.spotify.com/v1/audio-analysis/463CkQjx2Zk1yXoBuierM9,203064,4,l,11
191,Girl like me,"Black Eyed Peas, Shakira",4,pop,0.965,0.485,2,-8.784,1,0.191,0.0206,0.0237,0.0655,0.312,124.025,audio_features,1zLBsSVxETQOfINOLYvT5m,spotify:track:1zLBsSVxETQOfINOLYvT5m,https://api.spotify.com/v1/tracks/1zLBsSVxETQOfINOLYvT5m,https://api.spotify.com/v1/audio-analysis/1zLBsSVxETQOfINOLYvT5m,222523,4,q,16
192,Watermelon Sugar,Harry Styles,4,pop,0.548,0.816,0,-4.209,1,0.0465,0.122,0,0.335,0.557,95.39,audio_features,6UelLqGlWMcVH1E5c4H7lY,spotify:track:6UelLqGlWMcVH1E5c4H7lY,https://api.spotify.com/v1/tracks/6UelLqGlWMcVH1E5c4H7lY,https://api.spotify.com/v1/audio-analysis/6UelLqGlWMcVH1E5c4H7lY,174000,4,i,8
193,Positions,Ariana Grande,4,pop,0.737,0.802,0,-4.771,1,0.0878,0.468,0,0.0931,0.682,144.015,audio_features,35mvY5S1H3J2QZyna3TFe0,spotify:track:35mvY5S1H3J2QZyna3TFe0,https://api.spotify.com/v1/tracks/35mvY5S1H3J2QZyna3TFe0,https://api.spotify.com/v1/audio-analysis/35mvY5S1H3J2QZyna3TFe0,172325,4,l,11
194,Blinding lights,The Weeknd,4,pop,0.513,0.796,1,-4.075,1,0.0629,0.00147,0.000209,0.0938,0.345,171.017,audio_features,0sf12qNH5qcw8qpgymFOqD,spotify:track:0sf12qNH5qcw8qpgymFOqD,https://api.spotify.com/v1/tracks/0sf12qNH5qcw8qpgymFOqD,https://api.spotify.com/v1/audio-analysis/0sf12qNH5qcw8qpgymFOqD,201573,4,i,8
195,Deixa de onda,"Dennis, Xama, Ludmilla",4,pop,0.815,0.69,9,-4.622,1,0.0469,0.29,0,0.312,0.654,135.036,audio_features,0DlHQxrVijRqVUfuS6PKaY,spotify:track:0DlHQxrVijRqVUfuS6PKaY,https://api.spotify.com/v1/tracks/0DlHQxrVijRqVUfuS6PKaY,https://api.spotify.com/v1/audio-analysis/0DlHQxrVijRqVUfuS6PKaY,185000,4,l,11
196,Prisoner,"Miley Cyrus, Dua Lipa",4,pop,0.781,0.67,3,-3.912,0,0.0452,0.0103,0,0.0761,0.595,127.99,audio_features,5JqZ3oqF00jkT81foAFvqg,spotify:track:5JqZ3oqF00jkT81foAFvqg,https://api.spotify.com/v1/tracks/5JqZ3oqF00jkT81foAFvqg,https://api.spotify.com/v1/audio-analysis/5JqZ3oqF00jkT81foAFvqg,169333,4,i,8
197,Slow Down,Maveric Sabre,4,pop,0.881,0.661,11,-7.681,0,0.0343,0.098,0.0187,0.101,0.965,124.023,audio_features,5PNvgiKSwMdjBsDsgFCFLX,spotify:track:5PNvgiKSwMdjBsDsgFCFLX,https://api.spotify.com/v1/tracks/5PNvgiKSwMdjBsDsgFCFLX,https://api.spotify.com/v1/audio-analysis/5PNvgiKSwMdjBsDsgFCFLX,181306,4,j,9
198,Hold on,Justin Bieber,4,pop,0.658,0.634,1,-5.797,0,0.0413,0.0106,0,0.132,0.29,139.98,audio_features,4u4NyuceXP7Uzh7XFJKCr1,spotify:track:4u4NyuceXP7Uzh7XFJKCr1,https://api.spotify.com/v1/tracks/4u4NyuceXP7Uzh7XFJKCr1,https://api.spotify.com/v1/audio-analysis/4u4NyuceXP7Uzh7XFJKCr1,170813,4,i,8
199,Modo Turbo,Luisa Sonza,4,pop,0.655,0.726,10,-7.628,0,0.0796,0.334,3.13E-06,0.232,0.766,160.064,audio_features,0YqTL3nSL36OFdHwHoqCag,spotify:track:0YqTL3nSL36OFdHwHoqCag,https://api.spotify.com/v1/tracks/0YqTL3nSL36OFdHwHoqCag,https://api.spotify.com/v1/audio-analysis/0YqTL3nSL36OFdHwHoqCag,150260,4,a,0
200,Dont say goodbye,Alok,4,pop,0.698,0.719,0,-4.923,0,0.0455,0.00829,4.01E-06,0.326,0.364,120.062,audio_features,0GTPmh5G40joBg93vcSQNq,spotify:track:0GTPmh5G40joBg93vcSQNq,https://api.spotify.com/v1/tracks/0GTPmh5G40joBg93vcSQNq,https://api.spotify.com/v1/audio-analysis/0GTPmh5G40joBg93vcSQNq,186700,4,i,8
201,Paradise,Meduza,4,pop,0.632,0.595,8,-7.644,0,0.0401,0.0689,0,0.209,0.435,124.114,audio_features,6ft4hAq6yde8jPZY2i5zLr,spotify:track:6ft4hAq6yde8jPZY2i5zLr,https://api.spotify.com/v1/tracks/6ft4hAq6yde8jPZY2i5zLr,https://api.spotify.com/v1/audio-analysis/6ft4hAq6yde8jPZY2i5zLr,167903,4,r,18
202,Roses,Saint JHN,4,pop,0.77,0.724,8,-5.484,1,0.0495,0.0167,0.0107,0.353,0.898,121.975,audio_features,24Yi9hE78yPEbZ4kxyoXAI,spotify:track:24Yi9hE78yPEbZ4kxyoXAI,https://api.spotify.com/v1/tracks/24Yi9hE78yPEbZ4kxyoXAI,https://api.spotify.com/v1/audio-analysis/24Yi9hE78yPEbZ4kxyoXAI,176840,4,l,11
203,Disco arranhado,Malu,4,pop,0.747,0.725,2,-2.564,0,0.363,0.551,0,0.0626,0.904,129.96,audio_features,2Gjt4rUHBUH0rMKpBg0hF4,spotify:track:2Gjt4rUHBUH0rMKpBg0hF4,https://api.spotify.com/v1/tracks/2Gjt4rUHBUH0rMKpBg0hF4,https://api.spotify.com/v1/audio-analysis/2Gjt4rUHBUH0rMKpBg0hF4,125558,4,f,5
204,Me gusta,Anitta,4,pop,0.91,0.604,6,-4.392,0,0.082,0.448,0,0.0863,0.807,110.075,audio_features,7e1VoRlNumuEkXlITMHKLE,spotify:track:7e1VoRlNumuEkXlITMHKLE,https://api.spotify.com/v1/tracks/7e1VoRlNumuEkXlITMHKLE,https://api.spotify.com/v1/audio-analysis/7e1VoRlNumuEkXlITMHKLE,180788,4,l,11
205,Monster,Shawn Mendes,4,pop,0.652,0.383,2,-7.076,0,0.0516,0.0676,0,0.0828,0.549,145.765,audio_features,2Z8yfpFX0ZMavHkcIeHiO1,spotify:track:2Z8yfpFX0ZMavHkcIeHiO1,https://api.spotify.com/v1/tracks/2Z8yfpFX0ZMavHkcIeHiO1,https://api.spotify.com/v1/audio-analysis/2Z8yfpFX0ZMavHkcIeHiO1,178994,4,r,18
206,WAP,Cardi B,4,pop,0.934,0.443,1,-7.541,1,0.41,0.0272,0,0.0889,0.359,133.026,audio_features,051wt8AyLFgYnVuberd3vO,spotify:track:051wt8AyLFgYnVuberd3vO,https://api.spotify.com/v1/tracks/051wt8AyLFgYnVuberd3vO,https://api.spotify.com/v1/audio-analysis/051wt8AyLFgYnVuberd3vO,187541,4,k,10
207,Dynamite,BTS ,4,pop,0.746,0.765,6,-4.41,0,0.0993,0.0112,0,0.0936,0.737,114.044,audio_features,0v1x6rN6JHRapa03JElljE,spotify:track:0v1x6rN6JHRapa03JElljE,https://api.spotify.com/v1/tracks/0v1x6rN6JHRapa03JElljE,https://api.spotify.com/v1/audio-analysis/0v1x6rN6JHRapa03JElljE,199054,4,l,11
208,Alive,Alok,4,pop,0.66,0.855,9,-4.559,1,0.0317,0.0171,8.25E-05,0.374,0.616,126.035,audio_features,4zzHe0vVVQwLwn1mAoKFJq,spotify:track:4zzHe0vVVQwLwn1mAoKFJq,https://api.spotify.com/v1/tracks/4zzHe0vVVQwLwn1mAoKFJq,https://api.spotify.com/v1/audio-analysis/4zzHe0vVVQwLwn1mAoKFJq,142500,4,i,8
209,Met him last night,"Demi Lovato, Ariana Grande",4,pop,0.538,0.512,4,-4.548,0,0.0262,0.22,0,0.101,0.12,144.978,audio_features,0BI0hfbmqybnd3TezrDME3,spotify:track:0BI0hfbmqybnd3TezrDME3,https://api.spotify.com/v1/tracks/0BI0hfbmqybnd3TezrDME3,https://api.spotify.com/v1/audio-analysis/0BI0hfbmqybnd3TezrDME3,204632,4,i,8
210,Rainha da favela,Ludmilla,4,pop,0.867,0.67,0,-3.839,0,0.0438,0.23,0.00468,0.0889,0.891,135.064,audio_features,3vu864xi5Xis9VfOsJpmXu,spotify:track:3vu864xi5Xis9VfOsJpmXu,https://api.spotify.com/v1/tracks/3vu864xi5Xis9VfOsJpmXu,https://api.spotify.com/v1/audio-analysis/3vu864xi5Xis9VfOsJpmXu,160905,4,l,11
211,Streets,Doja Cat,4,pop,0.749,0.463,11,-8.433,1,0.0828,0.208,0.0371,0.337,0.19,90.028,audio_features,60ynsPSSKe6O3sfwRnIBRf,spotify:track:60ynsPSSKe6O3sfwRnIBRf,https://api.spotify.com/v1/tracks/60ynsPSSKe6O3sfwRnIBRf,https://api.spotify.com/v1/audio-analysis/60ynsPSSKe6O3sfwRnIBRf,226987,4,q,16
212,Therefore i am,Billie Eilish,4,pop,0.889,0.34,11,-7.773,0,0.0697,0.218,0.13,0.055,0.716,94.009,audio_features,54bFM56PmE4YLRnqpW6Tha,spotify:track:54bFM56PmE4YLRnqpW6Tha,https://api.spotify.com/v1/tracks/54bFM56PmE4YLRnqpW6Tha,https://api.spotify.com/v1/audio-analysis/54bFM56PmE4YLRnqpW6Tha,174321,4,d,3
213,Leave the door open,Bruno Mars ..,4,pop,0.586,0.616,5,-7.964,1,0.0324,0.182,0,0.0927,0.719,148.088,audio_features,7MAibcTli4IisCtbHKrGMh,spotify:track:7MAibcTli4IisCtbHKrGMh,https://api.spotify.com/v1/tracks/7MAibcTli4IisCtbHKrGMh,https://api.spotify.com/v1/audio-analysis/7MAibcTli4IisCtbHKrGMh,242096,4,r,18
214,Don't start now,Dua Lipa,4,pop,0.793,0.793,11,-4.521,0,0.083,0.0123,0,0.0951,0.679,123.95,audio_features,3PfIrDoz19wz7qK7tYeu62,spotify:track:3PfIrDoz19wz7qK7tYeu62,https://api.spotify.com/v1/tracks/3PfIrDoz19wz7qK7tYeu62,https://api.spotify.com/v1/audio-analysis/3PfIrDoz19wz7qK7tYeu62,183290,4,l,11
215,"Amarelo, azul e branco","Anavitória, Rita Lee",4,pop,0.589,0.542,6,-8.359,0,0.0746,0.125,3.31E-05,0.0883,0.327,100.884,audio_features,2LOIoeI16A8jjKubPKoCSa,spotify:track:2LOIoeI16A8jjKubPKoCSa,https://api.spotify.com/v1/tracks/2LOIoeI16A8jjKubPKoCSa,https://api.spotify.com/v1/audio-analysis/2LOIoeI16A8jjKubPKoCSa,201453,4,r,18
216,Fala mal de mim,Pedro Sampaio,4,pop,0.695,0.805,8,-4.351,1,0.0959,0.333,0,0.0794,0.673,165.036,audio_features,5glMxRMRHGBRj6bydBjoPM,spotify:track:5glMxRMRHGBRj6bydBjoPM,https://api.spotify.com/v1/tracks/5glMxRMRHGBRj6bydBjoPM,https://api.spotify.com/v1/audio-analysis/5glMxRMRHGBRj6bydBjoPM,154182,4,l,11
217,Tipo gin,Mc Kevin o Chirs,4,pop,0.75,0.668,0,-4.49,0,0.061,0.78,3.13E-06,0.338,0.786,94.998,audio_features,4llr8mcoauwrHBtjGb7F9S,spotify:track:4llr8mcoauwrHBtjGb7F9S,https://api.spotify.com/v1/tracks/4llr8mcoauwrHBtjGb7F9S,https://api.spotify.com/v1/audio-analysis/4llr8mcoauwrHBtjGb7F9S,159147,4,a,0
218,Tusa,"Karol G, Nicki Minaj",4,pop,0.803,0.715,2,-3.28,1,0.298,0.295,0.000134,0.0574,0.574,101.085,audio_features,7k4t7uLgtOxPwTpFmtJNTY,spotify:track:7k4t7uLgtOxPwTpFmtJNTY,https://api.spotify.com/v1/tracks/7k4t7uLgtOxPwTpFmtJNTY,https://api.spotify.com/v1/audio-analysis/7k4t7uLgtOxPwTpFmtJNTY,200960,4,k,10
219,Preta do cabelo cacheado,"TH CDM, Batidao Stronda",4,pop,0.848,0.502,1,-6.472,0,0.238,0.679,0,0.0565,0.816,159.902,audio_features,73x4PDzlTdJkAa8GtjnUs0,spotify:track:73x4PDzlTdJkAa8GtjnUs0,https://api.spotify.com/v1/tracks/73x4PDzlTdJkAa8GtjnUs0,https://api.spotify.com/v1/audio-analysis/73x4PDzlTdJkAa8GtjnUs0,158531,4,f,5
220,Liberdade ,"Alok, Mc Don Juan",4,pop,0.81,0.789,6,-4.032,1,0.0498,0.0254,1.85E-06,0.104,0.432,129.988,audio_features,2QLbRVzixE282JSQjBz2DG,spotify:track:2QLbRVzixE282JSQjBz2DG,https://api.spotify.com/v1/tracks/2QLbRVzixE282JSQjBz2DG,https://api.spotify.com/v1/audio-analysis/2QLbRVzixE282JSQjBz2DG,150462,4,i,8
221,The Business,Tiesto,4,pop,0.798,0.62,8,-7.079,0,0.232,0.414,0.0192,0.112,0.235,120.031,audio_features,6f3Slt0GbA2bPZlz0aIFXN,spotify:track:6f3Slt0GbA2bPZlz0aIFXN,https://api.spotify.com/v1/tracks/6f3Slt0GbA2bPZlz0aIFXN,https://api.spotify.com/v1/audio-analysis/6f3Slt0GbA2bPZlz0aIFXN,164000,4,q,16
222,Lemonade,Internet Money,4,pop,0.8,0.658,1,-6.142,0,0.079,0.25,0,0.111,0.462,140.042,audio_features,2DQNYMRjisN3KAPj1bEwOI,spotify:track:2DQNYMRjisN3KAPj1bEwOI,https://api.spotify.com/v1/tracks/2DQNYMRjisN3KAPj1bEwOI,https://api.spotify.com/v1/audio-analysis/2DQNYMRjisN3KAPj1bEwOI,195429,4,i,8
223,Kiss me more,Doja Cata,4,pop,0.762,0.701,8,-3.541,1,0.0286,0.235,0.000158,0.123,0.742,110.968,audio_features,748mdHapucXQri7IAO8yFK,spotify:track:748mdHapucXQri7IAO8yFK,https://api.spotify.com/v1/tracks/748mdHapucXQri7IAO8yFK,https://api.spotify.com/v1/audio-analysis/748mdHapucXQri7IAO8yFK,208867,4,l,11
224,Hawai,Maluma,4,pop,0.787,0.728,6,-3.455,0,0.389,0.189,2.29E-05,0.0629,0.545,180.066,audio_features,4uoR6qeWeuL4Qeu2qJzkuG,spotify:track:4uoR6qeWeuL4Qeu2qJzkuG,https://api.spotify.com/v1/tracks/4uoR6qeWeuL4Qeu2qJzkuG,https://api.spotify.com/v1/audio-analysis/4uoR6qeWeuL4Qeu2qJzkuG,200198,4,k,10
225,Inesquecivel,"Giulia Be, Luan Santana",4,pop,0.671,0.773,8,-5.479,0,0.0916,0.0716,0,0.122,0.616,99.942,audio_features,3bUDPTCStUeLcUgXgvepQh,spotify:track:3bUDPTCStUeLcUgXgvepQh,https://api.spotify.com/v1/tracks/3bUDPTCStUeLcUgXgvepQh,https://api.spotify.com/v1/audio-analysis/3bUDPTCStUeLcUgXgvepQh,186520,4,i,8
226,Drivers License,Olivia Rodrigo,4,pop,0.585,0.436,10,-8.761,1,0.0601,0.721,1.31E-05,0.105,0.132,143.874,audio_features,7lPN2DXiMsVn7XUKtOW1CS,spotify:track:7lPN2DXiMsVn7XUKtOW1CS,https://api.spotify.com/v1/tracks/7lPN2DXiMsVn7XUKtOW1CS,https://api.spotify.com/v1/audio-analysis/7lPN2DXiMsVn7XUKtOW1CS,242014,4,p,15
227,Heartbreak anniversary,Giveon,4,pop,0.449,0.465,0,-8.964,1,0.0791,0.524,1.02E-06,0.303,0.543,89.087,audio_features,3FAJ6O0NOHQV8Mc5Ri6ENp,spotify:track:3FAJ6O0NOHQV8Mc5Ri6ENp,https://api.spotify.com/v1/tracks/3FAJ6O0NOHQV8Mc5Ri6ENp,https://api.spotify.com/v1/audio-analysis/3FAJ6O0NOHQV8Mc5Ri6ENp,198371,3,r,18
228,Saturno,"BIN, Mainstree, Ajaxx",4,pop,0.694,0.551,5,-5.929,1,0.0485,0.704,0,0.1,0.908,95.003,audio_features,68cPbG7hJnwDW9nPX1uQcX,spotify:track:68cPbG7hJnwDW9nPX1uQcX,https://api.spotify.com/v1/tracks/68cPbG7hJnwDW9nPX1uQcX,https://api.spotify.com/v1/audio-analysis/68cPbG7hJnwDW9nPX1uQcX,186947,4,a,0
229,Coringa,Jao,4,pop,0.73,0.566,5,-5.399,0,0.0503,0.0315,0,0.191,0.497,96.952,audio_features,0gmDtSc2Ay17diWj6nJjlG,spotify:track:0gmDtSc2Ay17diWj6nJjlG,https://api.spotify.com/v1/tracks/0gmDtSc2Ay17diWj6nJjlG,https://api.spotify.com/v1/audio-analysis/0gmDtSc2Ay17diWj6nJjlG,187080,4,i,8
230,Astronaut in the ocean,Masked Wolf,4,pop,0.778,0.695,4,-6.865,0,0.0913,0.175,0,0.15,0.472,149.996,audio_features,3Ofmpyhv5UAQ70mENzB277,spotify:track:3Ofmpyhv5UAQ70mENzB277,https://api.spotify.com/v1/tracks/3Ofmpyhv5UAQ70mENzB277,https://api.spotify.com/v1/audio-analysis/3Ofmpyhv5UAQ70mENzB277,132780,4,i,8
231,Up,Cardi B,4,pop,0.868,0.795,11,-6.044,1,0.269,0.0012,0.0193,0.0461,0.819,166,audio_features,1XXimziG1uhM0eDNCZCrUl,spotify:track:1XXimziG1uhM0eDNCZCrUl,https://api.spotify.com/v1/tracks/1XXimziG1uhM0eDNCZCrUl,https://api.spotify.com/v1/audio-analysis/1XXimziG1uhM0eDNCZCrUl,156945,4,k,10
232,Mood,"24kGoldn, iann dior",4,pop,0.7,0.722,7,-3.558,0,0.0369,0.221,0,0.272,0.756,90.989,audio_features,3tjFYV6RSFtuktYl3ZtYcq,spotify:track:3tjFYV6RSFtuktYl3ZtYcq,https://api.spotify.com/v1/tracks/3tjFYV6RSFtuktYl3ZtYcq,https://api.spotify.com/v1/audio-analysis/3tjFYV6RSFtuktYl3ZtYcq,140526,4,l,11
233,Telepatía,Kali Uchis,4,pop,0.653,0.524,11,-9.016,0,0.0502,0.112,0,0.203,0.553,83.97,audio_features,6tDDoYIxWvMLTdKpjFkc1B,spotify:track:6tDDoYIxWvMLTdKpjFkc1B,https://api.spotify.com/v1/tracks/6tDDoYIxWvMLTdKpjFkc1B,https://api.spotify.com/v1/audio-analysis/6tDDoYIxWvMLTdKpjFkc1B,160191,4,r,18
234,Deja vu,Olivia Rodrigo,4,pop,0.439,0.61,9,-7.236,1,0.116,0.593,1.07E-05,0.341,0.172,181.088,audio_features,61KpQadow081I2AsbeLcsb,spotify:track:61KpQadow081I2AsbeLcsb,https://api.spotify.com/v1/tracks/61KpQadow081I2AsbeLcsb,https://api.spotify.com/v1/audio-analysis/61KpQadow081I2AsbeLcsb,215508,4,p,15
235,Breaking me,"Topic, A7S",4,pop,0.789,0.72,8,-5.652,0,0.218,0.223,0,0.129,0.664,122.031,audio_features,3H7ihDc1dqLriiWXwsc2po,spotify:track:3H7ihDc1dqLriiWXwsc2po,https://api.spotify.com/v1/tracks/3H7ihDc1dqLriiWXwsc2po,https://api.spotify.com/v1/audio-analysis/3H7ihDc1dqLriiWXwsc2po,166794,4,k,10
